id,firstname,lastname,email,email2,profession
100,Pollyanna,Nedrud,Pollyanna.Nedrud@yopmail.com,Pollyanna.Nedrud@gmail.com,worker
101,Damaris,Emerson,Damaris.Emerson@yopmail.com,Damaris.Emerson@gmail.com,developer
102,Meg,Nelsen,Meg.Nelsen@yopmail.com,Meg.Nelsen@gmail.com,firefighter
103,Chere,Ardeha,Chere.Ardeha@yopmail.com,Chere.Ardeha@gmail.com,developer
104,Pamella,Germann,Pamella.Germann@yopmail.com,Pamella.Germann@gmail.com,doctor
105,Kenna,An,Kenna.An@yopmail.com,Kenna.An@gmail.com,worker
106,Binny,Modie,Binny.Modie@yopmail.com,Binny.Modie@gmail.com,worker
107,Belinda,Sherfield,Belinda.Sherfield@yopmail.com,Belinda.Sherfield@gmail.com,firefighter
108,Tressa,Gilmour,Tressa.Gilmour@yopmail.com,Tressa.Gilmour@gmail.com,doctor
109,Lila,Adore,Lila.Adore@yopmail.com,Lila.Adore@gmail.com,doctor
110,Susette,Friede,Susette.Friede@yopmail.com,Susette.Friede@gmail.com,worker
111,Mallory,Salvidor,Mallory.Salvidor@yopmail.com,Mallory.Salvidor@gmail.com,developer
112,Catharine,Damarra,Catharine.Damarra@yopmail.com,Catharine.Damarra@gmail.com,worker
113,Sheree,Auberbach,Sheree.Auberbach@yopmail.com,Sheree.Auberbach@gmail.com,doctor
114,Almeta,Faust,Almeta.Faust@yopmail.com,Almeta.Faust@gmail.com,developer
115,Magdalena,Malina,Magdalena.Malina@yopmail.com,Magdalena.Malina@gmail.com,police officer
116,Ashlee,Bryna,Ashlee.Bryna@yopmail.com,Ashlee.Bryna@gmail.com,developer
117,Lusa,Faro,Lusa.Faro@yopmail.com,Lusa.Faro@gmail.com,firefighter
118,Marcy,Bord,Marcy.Bord@yopmail.com,Marcy.Bord@gmail.com,worker
119,Mady,Sasnett,Mady.Sasnett@yopmail.com,Mady.Sasnett@gmail.com,police officer
120,Cathie,Telfer,Cathie.Telfer@yopmail.com,Cathie.Telfer@gmail.com,worker
121,Pollyanna,Trinetta,Pollyanna.Trinetta@yopmail.com,Pollyanna.Trinetta@gmail.com,police officer
122,Siana,Carleen,Siana.Carleen@yopmail.com,Siana.Carleen@gmail.com,developer
123,Jobi,Francyne,Jobi.Francyne@yopmail.com,Jobi.Francyne@gmail.com,police officer
124,Genevra,Faria,Genevra.Faria@yopmail.com,Genevra.Faria@gmail.com,worker
125,Concettina,Gamaliel,Concettina.Gamaliel@yopmail.com,Concettina.Gamaliel@gmail.com,firefighter
126,Nicoli,Claudine,Nicoli.Claudine@yopmail.com,Nicoli.Claudine@gmail.com,police officer
127,Zaria,Redmond,Zaria.Redmond@yopmail.com,Zaria.Redmond@gmail.com,developer
128,Merry,Keelia,Merry.Keelia@yopmail.com,Merry.Keelia@gmail.com,police officer
129,Marjie,Chinua,Marjie.Chinua@yopmail.com,Marjie.Chinua@gmail.com,worker
130,Ana,Pelagias,Ana.Pelagias@yopmail.com,Ana.Pelagias@gmail.com,firefighter
131,Marline,Orlene,Marline.Orlene@yopmail.com,Marline.Orlene@gmail.com,developer
132,Jessamyn,Greenwald,Jessamyn.Greenwald@yopmail.com,Jessamyn.Greenwald@gmail.com,police officer
133,Berget,Trey,Berget.Trey@yopmail.com,Berget.Trey@gmail.com,doctor
134,Shannah,Rosette,Shannah.Rosette@yopmail.com,Shannah.Rosette@gmail.com,firefighter
135,Tatiania,Emerson,Tatiania.Emerson@yopmail.com,Tatiania.Emerson@gmail.com,worker
136,Ira,Beniamino,Ira.Beniamino@yopmail.com,Ira.Beniamino@gmail.com,worker
137,Marnia,Wind,Marnia.Wind@yopmail.com,Marnia.Wind@gmail.com,worker
138,Jany,Skurnik,Jany.Skurnik@yopmail.com,Jany.Skurnik@gmail.com,firefighter
139,Rosabelle,Malina,Rosabelle.Malina@yopmail.com,Rosabelle.Malina@gmail.com,worker
140,Drucie,Tacye,Drucie.Tacye@yopmail.com,Drucie.Tacye@gmail.com,police officer
141,Mildrid,Lay,Mildrid.Lay@yopmail.com,Mildrid.Lay@gmail.com,developer
142,Carlie,Hoenack,Carlie.Hoenack@yopmail.com,Carlie.Hoenack@gmail.com,worker
143,Ebonee,Francene,Ebonee.Francene@yopmail.com,Ebonee.Francene@gmail.com,developer
144,Darci,Gilbertson,Darci.Gilbertson@yopmail.com,Darci.Gilbertson@gmail.com,firefighter
145,Agnese,Silvan,Agnese.Silvan@yopmail.com,Agnese.Silvan@gmail.com,developer
146,Cyndie,Zetta,Cyndie.Zetta@yopmail.com,Cyndie.Zetta@gmail.com,police officer
147,Phedra,Gerge,Phedra.Gerge@yopmail.com,Phedra.Gerge@gmail.com,firefighter
148,Latisha,Fontana,Latisha.Fontana@yopmail.com,Latisha.Fontana@gmail.com,worker
149,Carilyn,Rosette,Carilyn.Rosette@yopmail.com,Carilyn.Rosette@gmail.com,firefighter
150,Caryl,Brian,Caryl.Brian@yopmail.com,Caryl.Brian@gmail.com,doctor
151,Berget,Cloris,Berget.Cloris@yopmail.com,Berget.Cloris@gmail.com,doctor
152,Marcelline,Sidonius,Marcelline.Sidonius@yopmail.com,Marcelline.Sidonius@gmail.com,firefighter
153,Darci,Holbrook,Darci.Holbrook@yopmail.com,Darci.Holbrook@gmail.com,developer
154,Madalyn,Helve,Madalyn.Helve@yopmail.com,Madalyn.Helve@gmail.com,police officer
155,Mallory,Brandice,Mallory.Brandice@yopmail.com,Mallory.Brandice@gmail.com,worker
156,Tracey,Narton,Tracey.Narton@yopmail.com,Tracey.Narton@gmail.com,doctor
157,Talya,Audly,Talya.Audly@yopmail.com,Talya.Audly@gmail.com,developer
158,Tera,Lumbard,Tera.Lumbard@yopmail.com,Tera.Lumbard@gmail.com,police officer
159,Ivett,Wildermuth,Ivett.Wildermuth@yopmail.com,Ivett.Wildermuth@gmail.com,firefighter
160,Georgetta,Regan,Georgetta.Regan@yopmail.com,Georgetta.Regan@gmail.com,doctor
161,Sashenka,Mike,Sashenka.Mike@yopmail.com,Sashenka.Mike@gmail.com,developer
162,Flo,Duwalt,Flo.Duwalt@yopmail.com,Flo.Duwalt@gmail.com,firefighter
163,Jany,Gusella,Jany.Gusella@yopmail.com,Jany.Gusella@gmail.com,developer
164,Nickie,Kronfeld,Nickie.Kronfeld@yopmail.com,Nickie.Kronfeld@gmail.com,worker
165,Gertrud,Ellord,Gertrud.Ellord@yopmail.com,Gertrud.Ellord@gmail.com,doctor
166,Beth,Armanda,Beth.Armanda@yopmail.com,Beth.Armanda@gmail.com,doctor
167,Phedra,Harned,Phedra.Harned@yopmail.com,Phedra.Harned@gmail.com,worker
168,Orelia,Hanleigh,Orelia.Hanleigh@yopmail.com,Orelia.Hanleigh@gmail.com,developer
169,Norine,Land,Norine.Land@yopmail.com,Norine.Land@gmail.com,worker
170,Arlena,Gabrielli,Arlena.Gabrielli@yopmail.com,Arlena.Gabrielli@gmail.com,worker
171,Winny,Tamsky,Winny.Tamsky@yopmail.com,Winny.Tamsky@gmail.com,doctor
172,Rivalee,Dex,Rivalee.Dex@yopmail.com,Rivalee.Dex@gmail.com,doctor
173,Brynna,Frodi,Brynna.Frodi@yopmail.com,Brynna.Frodi@gmail.com,developer
174,Ariela,Casimir,Ariela.Casimir@yopmail.com,Ariela.Casimir@gmail.com,doctor
175,Jany,Sothena,Jany.Sothena@yopmail.com,Jany.Sothena@gmail.com,worker
176,Yvonne,Swigart,Yvonne.Swigart@yopmail.com,Yvonne.Swigart@gmail.com,worker
177,Adele,Pattin,Adele.Pattin@yopmail.com,Adele.Pattin@gmail.com,worker
178,Tilly,Delila,Tilly.Delila@yopmail.com,Tilly.Delila@gmail.com,developer
179,Joelly,Hull,Joelly.Hull@yopmail.com,Joelly.Hull@gmail.com,doctor
180,Liana,Dorine,Liana.Dorine@yopmail.com,Liana.Dorine@gmail.com,police officer
181,Violet,Kermit,Violet.Kermit@yopmail.com,Violet.Kermit@gmail.com,doctor
182,Halette,Breed,Halette.Breed@yopmail.com,Halette.Breed@gmail.com,developer
183,Marguerite,Roxanna,Marguerite.Roxanna@yopmail.com,Marguerite.Roxanna@gmail.com,doctor
184,Etta,Crudden,Etta.Crudden@yopmail.com,Etta.Crudden@gmail.com,firefighter
185,Kellen,Latini,Kellen.Latini@yopmail.com,Kellen.Latini@gmail.com,worker
186,Rori,Roche,Rori.Roche@yopmail.com,Rori.Roche@gmail.com,doctor
187,Tera,Laverne,Tera.Laverne@yopmail.com,Tera.Laverne@gmail.com,police officer
188,Fina,Mich,Fina.Mich@yopmail.com,Fina.Mich@gmail.com,firefighter
189,Kimmy,Lauraine,Kimmy.Lauraine@yopmail.com,Kimmy.Lauraine@gmail.com,police officer
190,Cathie,McClimans,Cathie.McClimans@yopmail.com,Cathie.McClimans@gmail.com,police officer
191,Lelah,Alejoa,Lelah.Alejoa@yopmail.com,Lelah.Alejoa@gmail.com,firefighter
192,Ernesta,Jefferey,Ernesta.Jefferey@yopmail.com,Ernesta.Jefferey@gmail.com,police officer
193,Adore,Sholley,Adore.Sholley@yopmail.com,Adore.Sholley@gmail.com,developer
194,Lynnea,Love,Lynnea.Love@yopmail.com,Lynnea.Love@gmail.com,worker
195,Flory,Tice,Flory.Tice@yopmail.com,Flory.Tice@gmail.com,police officer
196,Tina,Persse,Tina.Persse@yopmail.com,Tina.Persse@gmail.com,doctor
197,Desirae,Edmund,Desirae.Edmund@yopmail.com,Desirae.Edmund@gmail.com,developer
198,Luci,Payson,Luci.Payson@yopmail.com,Luci.Payson@gmail.com,developer
199,Raina,Charity,Raina.Charity@yopmail.com,Raina.Charity@gmail.com,police officer
200,Janenna,Vins,Janenna.Vins@yopmail.com,Janenna.Vins@gmail.com,developer
201,Emelina,Donell,Emelina.Donell@yopmail.com,Emelina.Donell@gmail.com,worker
202,Cecile,Giule,Cecile.Giule@yopmail.com,Cecile.Giule@gmail.com,worker
203,Vonny,Berne,Vonny.Berne@yopmail.com,Vonny.Berne@gmail.com,firefighter
204,Gabriellia,Ivens,Gabriellia.Ivens@yopmail.com,Gabriellia.Ivens@gmail.com,developer
205,Jean,Ball,Jean.Ball@yopmail.com,Jean.Ball@gmail.com,worker
206,Aigneis,Fleeta,Aigneis.Fleeta@yopmail.com,Aigneis.Fleeta@gmail.com,doctor
207,Delilah,Sinegold,Delilah.Sinegold@yopmail.com,Delilah.Sinegold@gmail.com,worker
208,Sybille,Aurelio,Sybille.Aurelio@yopmail.com,Sybille.Aurelio@gmail.com,doctor
209,Raina,Camden,Raina.Camden@yopmail.com,Raina.Camden@gmail.com,developer
210,Phedra,Konyn,Phedra.Konyn@yopmail.com,Phedra.Konyn@gmail.com,worker
211,Jaclyn,Yam,Jaclyn.Yam@yopmail.com,Jaclyn.Yam@gmail.com,doctor
212,Kirbee,Heidt,Kirbee.Heidt@yopmail.com,Kirbee.Heidt@gmail.com,developer
213,Roslyn,Eckblad,Roslyn.Eckblad@yopmail.com,Roslyn.Eckblad@gmail.com,doctor
214,Elie,Redmond,Elie.Redmond@yopmail.com,Elie.Redmond@gmail.com,worker
215,Gale,Kronfeld,Gale.Kronfeld@yopmail.com,Gale.Kronfeld@gmail.com,police officer
216,Ulrike,Truc,Ulrike.Truc@yopmail.com,Ulrike.Truc@gmail.com,police officer
217,Fernande,Bahr,Fernande.Bahr@yopmail.com,Fernande.Bahr@gmail.com,firefighter
218,Frank,Gilbertson,Frank.Gilbertson@yopmail.com,Frank.Gilbertson@gmail.com,doctor
219,Melisent,Quent,Melisent.Quent@yopmail.com,Melisent.Quent@gmail.com,developer
220,Chandra,Anton,Chandra.Anton@yopmail.com,Chandra.Anton@gmail.com,doctor
221,Maud,Heisel,Maud.Heisel@yopmail.com,Maud.Heisel@gmail.com,firefighter
222,Basia,Karylin,Basia.Karylin@yopmail.com,Basia.Karylin@gmail.com,police officer
223,Lilith,Lareena,Lilith.Lareena@yopmail.com,Lilith.Lareena@gmail.com,doctor
224,Myrtice,Zrike,Myrtice.Zrike@yopmail.com,Myrtice.Zrike@gmail.com,developer
225,Maud,Mullane,Maud.Mullane@yopmail.com,Maud.Mullane@gmail.com,police officer
226,Dorothy,Terrence,Dorothy.Terrence@yopmail.com,Dorothy.Terrence@gmail.com,doctor
227,Lita,Fink,Lita.Fink@yopmail.com,Lita.Fink@gmail.com,worker
228,Goldie,Borrell,Goldie.Borrell@yopmail.com,Goldie.Borrell@gmail.com,worker
229,Phylis,Atcliffe,Phylis.Atcliffe@yopmail.com,Phylis.Atcliffe@gmail.com,developer
230,Sam,Anderea,Sam.Anderea@yopmail.com,Sam.Anderea@gmail.com,developer
231,Aryn,Bakerman,Aryn.Bakerman@yopmail.com,Aryn.Bakerman@gmail.com,police officer
232,Lory,Dahlia,Lory.Dahlia@yopmail.com,Lory.Dahlia@gmail.com,doctor
233,Monika,Salvidor,Monika.Salvidor@yopmail.com,Monika.Salvidor@gmail.com,police officer
234,Rosanne,Santoro,Rosanne.Santoro@yopmail.com,Rosanne.Santoro@gmail.com,firefighter
235,Hyacinthe,Markman,Hyacinthe.Markman@yopmail.com,Hyacinthe.Markman@gmail.com,police officer
236,Jan,Milde,Jan.Milde@yopmail.com,Jan.Milde@gmail.com,developer
237,Devina,Vivle,Devina.Vivle@yopmail.com,Devina.Vivle@gmail.com,doctor
238,Daphne,Tacye,Daphne.Tacye@yopmail.com,Daphne.Tacye@gmail.com,developer
239,Evaleen,Longfellow,Evaleen.Longfellow@yopmail.com,Evaleen.Longfellow@gmail.com,firefighter
240,Wynne,Beebe,Wynne.Beebe@yopmail.com,Wynne.Beebe@gmail.com,doctor
241,Marsiella,Dearborn,Marsiella.Dearborn@yopmail.com,Marsiella.Dearborn@gmail.com,worker
242,Nananne,Simmonds,Nananne.Simmonds@yopmail.com,Nananne.Simmonds@gmail.com,firefighter
243,Margette,Faria,Margette.Faria@yopmail.com,Margette.Faria@gmail.com,doctor
244,Glenda,Cynar,Glenda.Cynar@yopmail.com,Glenda.Cynar@gmail.com,developer
245,Sashenka,Edvard,Sashenka.Edvard@yopmail.com,Sashenka.Edvard@gmail.com,firefighter
246,Kerrin,Clara,Kerrin.Clara@yopmail.com,Kerrin.Clara@gmail.com,worker
247,Nicoli,Chapland,Nicoli.Chapland@yopmail.com,Nicoli.Chapland@gmail.com,developer
248,Nataline,Flita,Nataline.Flita@yopmail.com,Nataline.Flita@gmail.com,doctor
249,Alyssa,Colyer,Alyssa.Colyer@yopmail.com,Alyssa.Colyer@gmail.com,worker
250,Lonnie,Isacco,Lonnie.Isacco@yopmail.com,Lonnie.Isacco@gmail.com,doctor
251,Kathy,Philipp,Kathy.Philipp@yopmail.com,Kathy.Philipp@gmail.com,police officer
252,Rhoda,Roxanna,Rhoda.Roxanna@yopmail.com,Rhoda.Roxanna@gmail.com,police officer
253,Moyna,Nelsen,Moyna.Nelsen@yopmail.com,Moyna.Nelsen@gmail.com,doctor
254,Beth,Dahlia,Beth.Dahlia@yopmail.com,Beth.Dahlia@gmail.com,worker
255,Mireielle,Bandeen,Mireielle.Bandeen@yopmail.com,Mireielle.Bandeen@gmail.com,firefighter
256,Adore,Ivens,Adore.Ivens@yopmail.com,Adore.Ivens@gmail.com,worker
257,Donnie,Hutchison,Donnie.Hutchison@yopmail.com,Donnie.Hutchison@gmail.com,developer
258,Margarette,Chesna,Margarette.Chesna@yopmail.com,Margarette.Chesna@gmail.com,developer
259,Marguerite,Codding,Marguerite.Codding@yopmail.com,Marguerite.Codding@gmail.com,worker
260,Britni,Baptlsta,Britni.Baptlsta@yopmail.com,Britni.Baptlsta@gmail.com,firefighter
261,Jsandye,Keelia,Jsandye.Keelia@yopmail.com,Jsandye.Keelia@gmail.com,firefighter
262,Barbi,Esmaria,Barbi.Esmaria@yopmail.com,Barbi.Esmaria@gmail.com,worker
263,Lolita,Delp,Lolita.Delp@yopmail.com,Lolita.Delp@gmail.com,firefighter
264,Elka,Naor,Elka.Naor@yopmail.com,Elka.Naor@gmail.com,firefighter
265,Ardenia,Elephus,Ardenia.Elephus@yopmail.com,Ardenia.Elephus@gmail.com,police officer
266,Latisha,Guthrie,Latisha.Guthrie@yopmail.com,Latisha.Guthrie@gmail.com,doctor
267,Thalia,Jillane,Thalia.Jillane@yopmail.com,Thalia.Jillane@gmail.com,worker
268,Gabriellia,Waldron,Gabriellia.Waldron@yopmail.com,Gabriellia.Waldron@gmail.com,firefighter
269,Kate,Beniamino,Kate.Beniamino@yopmail.com,Kate.Beniamino@gmail.com,firefighter
270,Candi,Mullane,Candi.Mullane@yopmail.com,Candi.Mullane@gmail.com,developer
271,Jeanna,Allare,Jeanna.Allare@yopmail.com,Jeanna.Allare@gmail.com,police officer
272,Tina,Corilla,Tina.Corilla@yopmail.com,Tina.Corilla@gmail.com,worker
273,Alex,Bach,Alex.Bach@yopmail.com,Alex.Bach@gmail.com,police officer
274,Zia,Yoko,Zia.Yoko@yopmail.com,Zia.Yoko@gmail.com,developer
275,Benita,Hourigan,Benita.Hourigan@yopmail.com,Benita.Hourigan@gmail.com,firefighter
276,Laure,Maples,Laure.Maples@yopmail.com,Laure.Maples@gmail.com,worker
277,Georgetta,Cassius,Georgetta.Cassius@yopmail.com,Georgetta.Cassius@gmail.com,firefighter
278,Kamilah,Stoller,Kamilah.Stoller@yopmail.com,Kamilah.Stoller@gmail.com,worker
279,Oona,Gower,Oona.Gower@yopmail.com,Oona.Gower@gmail.com,police officer
280,Stevana,Wildermuth,Stevana.Wildermuth@yopmail.com,Stevana.Wildermuth@gmail.com,firefighter
281,Emma,Koehler,Emma.Koehler@yopmail.com,Emma.Koehler@gmail.com,developer
282,Elena,Gavrila,Elena.Gavrila@yopmail.com,Elena.Gavrila@gmail.com,worker
283,Josephine,Chapland,Josephine.Chapland@yopmail.com,Josephine.Chapland@gmail.com,police officer
284,Sharai,Tjon,Sharai.Tjon@yopmail.com,Sharai.Tjon@gmail.com,worker
285,Celene,Pip,Celene.Pip@yopmail.com,Celene.Pip@gmail.com,developer
286,Raquela,Marisa,Raquela.Marisa@yopmail.com,Raquela.Marisa@gmail.com,police officer
287,Caressa,Orelee,Caressa.Orelee@yopmail.com,Caressa.Orelee@gmail.com,worker
288,Tamqrah,Honoria,Tamqrah.Honoria@yopmail.com,Tamqrah.Honoria@gmail.com,worker
289,Priscilla,Couture,Priscilla.Couture@yopmail.com,Priscilla.Couture@gmail.com,developer
290,Gerrie,Liva,Gerrie.Liva@yopmail.com,Gerrie.Liva@gmail.com,doctor
291,Gilligan,Delacourt,Gilligan.Delacourt@yopmail.com,Gilligan.Delacourt@gmail.com,worker
292,Sharai,Carmena,Sharai.Carmena@yopmail.com,Sharai.Carmena@gmail.com,firefighter
293,Alameda,Anton,Alameda.Anton@yopmail.com,Alameda.Anton@gmail.com,police officer
294,Sherrie,Constancy,Sherrie.Constancy@yopmail.com,Sherrie.Constancy@gmail.com,firefighter
295,Lauryn,Niles,Lauryn.Niles@yopmail.com,Lauryn.Niles@gmail.com,developer
296,Krystle,Lutero,Krystle.Lutero@yopmail.com,Krystle.Lutero@gmail.com,police officer
297,Adore,Septima,Adore.Septima@yopmail.com,Adore.Septima@gmail.com,developer
298,Doro,Drus,Doro.Drus@yopmail.com,Doro.Drus@gmail.com,doctor
299,Melodie,Hortensia,Melodie.Hortensia@yopmail.com,Melodie.Hortensia@gmail.com,doctor
300,Annecorinne,Arvo,Annecorinne.Arvo@yopmail.com,Annecorinne.Arvo@gmail.com,firefighter
301,Rosabelle,Thilda,Rosabelle.Thilda@yopmail.com,Rosabelle.Thilda@gmail.com,worker
302,Cindelyn,Arvo,Cindelyn.Arvo@yopmail.com,Cindelyn.Arvo@gmail.com,doctor
303,Carol-Jean,Slifka,Carol-Jean.Slifka@yopmail.com,Carol-Jean.Slifka@gmail.com,firefighter
304,Beverley,Saree,Beverley.Saree@yopmail.com,Beverley.Saree@gmail.com,firefighter
305,Jere,Ummersen,Jere.Ummersen@yopmail.com,Jere.Ummersen@gmail.com,firefighter
306,Larine,Plato,Larine.Plato@yopmail.com,Larine.Plato@gmail.com,developer
307,Stevana,Hebner,Stevana.Hebner@yopmail.com,Stevana.Hebner@gmail.com,police officer
308,Mireielle,Chabot,Mireielle.Chabot@yopmail.com,Mireielle.Chabot@gmail.com,doctor
309,Rozele,Giule,Rozele.Giule@yopmail.com,Rozele.Giule@gmail.com,police officer
310,Emmey,Wattenberg,Emmey.Wattenberg@yopmail.com,Emmey.Wattenberg@gmail.com,developer
311,Alejandra,Malina,Alejandra.Malina@yopmail.com,Alejandra.Malina@gmail.com,doctor
312,Caressa,Chem,Caressa.Chem@yopmail.com,Caressa.Chem@gmail.com,firefighter
313,Lynde,Roumell,Lynde.Roumell@yopmail.com,Lynde.Roumell@gmail.com,police officer
314,Marguerite,Garbe,Marguerite.Garbe@yopmail.com,Marguerite.Garbe@gmail.com,developer
315,Alleen,Aurelio,Alleen.Aurelio@yopmail.com,Alleen.Aurelio@gmail.com,developer
316,Kylynn,Flyn,Kylynn.Flyn@yopmail.com,Kylynn.Flyn@gmail.com,doctor
317,Agnese,Gino,Agnese.Gino@yopmail.com,Agnese.Gino@gmail.com,doctor
318,Xylina,Barrus,Xylina.Barrus@yopmail.com,Xylina.Barrus@gmail.com,firefighter
319,Eugine,Anselmi,Eugine.Anselmi@yopmail.com,Eugine.Anselmi@gmail.com,firefighter
320,Clementine,Germann,Clementine.Germann@yopmail.com,Clementine.Germann@gmail.com,developer
321,Marsiella,Caitlin,Marsiella.Caitlin@yopmail.com,Marsiella.Caitlin@gmail.com,firefighter
322,Nariko,Emmaline,Nariko.Emmaline@yopmail.com,Nariko.Emmaline@gmail.com,worker
323,Lynnea,Ledah,Lynnea.Ledah@yopmail.com,Lynnea.Ledah@gmail.com,police officer
324,Hayley,Schlosser,Hayley.Schlosser@yopmail.com,Hayley.Schlosser@gmail.com,police officer
325,Berget,Lenny,Berget.Lenny@yopmail.com,Berget.Lenny@gmail.com,police officer
326,Willetta,Cornelia,Willetta.Cornelia@yopmail.com,Willetta.Cornelia@gmail.com,police officer
327,Emelina,Abbot,Emelina.Abbot@yopmail.com,Emelina.Abbot@gmail.com,doctor
328,Marinna,Raimondo,Marinna.Raimondo@yopmail.com,Marinna.Raimondo@gmail.com,police officer
329,Sybille,Adrienne,Sybille.Adrienne@yopmail.com,Sybille.Adrienne@gmail.com,police officer
330,Merrie,Larochelle,Merrie.Larochelle@yopmail.com,Merrie.Larochelle@gmail.com,firefighter
331,Yvonne,Briney,Yvonne.Briney@yopmail.com,Yvonne.Briney@gmail.com,doctor
332,Tatiania,Roscoe,Tatiania.Roscoe@yopmail.com,Tatiania.Roscoe@gmail.com,doctor
333,Nariko,Marisa,Nariko.Marisa@yopmail.com,Nariko.Marisa@gmail.com,police officer
334,Micheline,Drisko,Micheline.Drisko@yopmail.com,Micheline.Drisko@gmail.com,developer
335,Rayna,Hartnett,Rayna.Hartnett@yopmail.com,Rayna.Hartnett@gmail.com,firefighter
336,Krystle,Woodberry,Krystle.Woodberry@yopmail.com,Krystle.Woodberry@gmail.com,firefighter
337,Myrtice,Pettiford,Myrtice.Pettiford@yopmail.com,Myrtice.Pettiford@gmail.com,worker
338,Ruthe,Harday,Ruthe.Harday@yopmail.com,Ruthe.Harday@gmail.com,developer
339,Gianina,Konyn,Gianina.Konyn@yopmail.com,Gianina.Konyn@gmail.com,firefighter
340,Letizia,Erminia,Letizia.Erminia@yopmail.com,Letizia.Erminia@gmail.com,doctor
341,Jasmina,Hull,Jasmina.Hull@yopmail.com,Jasmina.Hull@gmail.com,police officer
342,Lilith,Lay,Lilith.Lay@yopmail.com,Lilith.Lay@gmail.com,worker
343,Jaime,Tristram,Jaime.Tristram@yopmail.com,Jaime.Tristram@gmail.com,developer
344,Doro,Henrie,Doro.Henrie@yopmail.com,Doro.Henrie@gmail.com,doctor
345,Maridel,Mauer,Maridel.Mauer@yopmail.com,Maridel.Mauer@gmail.com,developer
346,Dolli,Matthew,Dolli.Matthew@yopmail.com,Dolli.Matthew@gmail.com,doctor
347,Rhea,Arvo,Rhea.Arvo@yopmail.com,Rhea.Arvo@gmail.com,firefighter
348,Netty,Briney,Netty.Briney@yopmail.com,Netty.Briney@gmail.com,doctor
349,Livvyy,Joachim,Livvyy.Joachim@yopmail.com,Livvyy.Joachim@gmail.com,police officer
350,Mildrid,Destinee,Mildrid.Destinee@yopmail.com,Mildrid.Destinee@gmail.com,doctor
351,Emylee,Irmine,Emylee.Irmine@yopmail.com,Emylee.Irmine@gmail.com,doctor
352,Andree,Merriott,Andree.Merriott@yopmail.com,Andree.Merriott@gmail.com,police officer
353,Oona,Kaete,Oona.Kaete@yopmail.com,Oona.Kaete@gmail.com,firefighter
354,Andeee,Orelee,Andeee.Orelee@yopmail.com,Andeee.Orelee@gmail.com,doctor
355,Monika,Fadiman,Monika.Fadiman@yopmail.com,Monika.Fadiman@gmail.com,doctor
356,Averyl,MacIntosh,Averyl.MacIntosh@yopmail.com,Averyl.MacIntosh@gmail.com,worker
357,Nariko,Rese,Nariko.Rese@yopmail.com,Nariko.Rese@gmail.com,police officer
358,Lorenza,Larochelle,Lorenza.Larochelle@yopmail.com,Lorenza.Larochelle@gmail.com,doctor
359,Glenda,Frodi,Glenda.Frodi@yopmail.com,Glenda.Frodi@gmail.com,worker
360,Mahalia,Girardo,Mahalia.Girardo@yopmail.com,Mahalia.Girardo@gmail.com,worker
361,Carmencita,Gaal,Carmencita.Gaal@yopmail.com,Carmencita.Gaal@gmail.com,worker
362,Lyssa,Ellord,Lyssa.Ellord@yopmail.com,Lyssa.Ellord@gmail.com,worker
363,Brana,Carleen,Brana.Carleen@yopmail.com,Brana.Carleen@gmail.com,firefighter
364,Marika,Palocz,Marika.Palocz@yopmail.com,Marika.Palocz@gmail.com,developer
365,Jessamyn,Croix,Jessamyn.Croix@yopmail.com,Jessamyn.Croix@gmail.com,firefighter
366,Nerta,Lasley,Nerta.Lasley@yopmail.com,Nerta.Lasley@gmail.com,doctor
367,Aigneis,Ethban,Aigneis.Ethban@yopmail.com,Aigneis.Ethban@gmail.com,police officer
368,Shauna,Pearse,Shauna.Pearse@yopmail.com,Shauna.Pearse@gmail.com,worker
369,Annice,Damarra,Annice.Damarra@yopmail.com,Annice.Damarra@gmail.com,worker
370,Oralee,Fitzsimmons,Oralee.Fitzsimmons@yopmail.com,Oralee.Fitzsimmons@gmail.com,worker
371,Genevra,Johanna,Genevra.Johanna@yopmail.com,Genevra.Johanna@gmail.com,firefighter
372,Libbie,Atonsah,Libbie.Atonsah@yopmail.com,Libbie.Atonsah@gmail.com,doctor
373,Coral,Kathie,Coral.Kathie@yopmail.com,Coral.Kathie@gmail.com,doctor
374,Genovera,Suzetta,Genovera.Suzetta@yopmail.com,Genovera.Suzetta@gmail.com,police officer
375,Kassey,Penelopa,Kassey.Penelopa@yopmail.com,Kassey.Penelopa@gmail.com,firefighter
376,Audrie,Lymann,Audrie.Lymann@yopmail.com,Audrie.Lymann@gmail.com,police officer
377,Giustina,Karna,Giustina.Karna@yopmail.com,Giustina.Karna@gmail.com,firefighter
378,Ira,Therine,Ira.Therine@yopmail.com,Ira.Therine@gmail.com,worker
379,Sissy,Jethro,Sissy.Jethro@yopmail.com,Sissy.Jethro@gmail.com,worker
380,Katuscha,Suk,Katuscha.Suk@yopmail.com,Katuscha.Suk@gmail.com,doctor
381,Shandie,Sharl,Shandie.Sharl@yopmail.com,Shandie.Sharl@gmail.com,worker
382,Leanna,Lamoree,Leanna.Lamoree@yopmail.com,Leanna.Lamoree@gmail.com,police officer
383,Raina,Demitria,Raina.Demitria@yopmail.com,Raina.Demitria@gmail.com,worker
384,Sonni,Pearse,Sonni.Pearse@yopmail.com,Sonni.Pearse@gmail.com,police officer
385,Gloria,Lewes,Gloria.Lewes@yopmail.com,Gloria.Lewes@gmail.com,doctor
386,Lenna,Stoller,Lenna.Stoller@yopmail.com,Lenna.Stoller@gmail.com,developer
387,Johna,Socha,Johna.Socha@yopmail.com,Johna.Socha@gmail.com,police officer
388,Priscilla,Ackerley,Priscilla.Ackerley@yopmail.com,Priscilla.Ackerley@gmail.com,developer
389,Kate,Jorgan,Kate.Jorgan@yopmail.com,Kate.Jorgan@gmail.com,developer
390,Cindelyn,Dannye,Cindelyn.Dannye@yopmail.com,Cindelyn.Dannye@gmail.com,doctor
391,Lolita,Cloris,Lolita.Cloris@yopmail.com,Lolita.Cloris@gmail.com,doctor
392,Alie,Sandye,Alie.Sandye@yopmail.com,Alie.Sandye@gmail.com,worker
393,Katharina,Christal,Katharina.Christal@yopmail.com,Katharina.Christal@gmail.com,firefighter
394,Gianina,Annice,Gianina.Annice@yopmail.com,Gianina.Annice@gmail.com,worker
395,Wilma,Anestassia,Wilma.Anestassia@yopmail.com,Wilma.Anestassia@gmail.com,doctor
396,Brandise,Gert,Brandise.Gert@yopmail.com,Brandise.Gert@gmail.com,doctor
397,Etta,Pozzy,Etta.Pozzy@yopmail.com,Etta.Pozzy@gmail.com,doctor
398,Ekaterina,Anis,Ekaterina.Anis@yopmail.com,Ekaterina.Anis@gmail.com,worker
399,Elora,Uird,Elora.Uird@yopmail.com,Elora.Uird@gmail.com,doctor
400,Silvana,Seessel,Silvana.Seessel@yopmail.com,Silvana.Seessel@gmail.com,firefighter
401,Vita,Stav,Vita.Stav@yopmail.com,Vita.Stav@gmail.com,firefighter
402,Sam,Ludewig,Sam.Ludewig@yopmail.com,Sam.Ludewig@gmail.com,police officer
403,Neila,Wattenberg,Neila.Wattenberg@yopmail.com,Neila.Wattenberg@gmail.com,firefighter
404,Marika,Schalles,Marika.Schalles@yopmail.com,Marika.Schalles@gmail.com,firefighter
405,Allis,Berl,Allis.Berl@yopmail.com,Allis.Berl@gmail.com,doctor
406,Mamie,Cohdwell,Mamie.Cohdwell@yopmail.com,Mamie.Cohdwell@gmail.com,developer
407,Vinita,Fillbert,Vinita.Fillbert@yopmail.com,Vinita.Fillbert@gmail.com,worker
408,Hermione,Alva,Hermione.Alva@yopmail.com,Hermione.Alva@gmail.com,doctor
409,Damaris,Fleeta,Damaris.Fleeta@yopmail.com,Damaris.Fleeta@gmail.com,doctor
410,Lauryn,Middleton,Lauryn.Middleton@yopmail.com,Lauryn.Middleton@gmail.com,firefighter
411,Daphne,Mich,Daphne.Mich@yopmail.com,Daphne.Mich@gmail.com,doctor
412,Kathi,Mathilde,Kathi.Mathilde@yopmail.com,Kathi.Mathilde@gmail.com,developer
413,Louella,Huggins,Louella.Huggins@yopmail.com,Louella.Huggins@gmail.com,developer
414,Fidelia,Krystle,Fidelia.Krystle@yopmail.com,Fidelia.Krystle@gmail.com,police officer
415,Corry,Mich,Corry.Mich@yopmail.com,Corry.Mich@gmail.com,police officer
416,Michaelina,Lalitta,Michaelina.Lalitta@yopmail.com,Michaelina.Lalitta@gmail.com,worker
417,Olwen,Pierette,Olwen.Pierette@yopmail.com,Olwen.Pierette@gmail.com,doctor
418,Chere,Seagraves,Chere.Seagraves@yopmail.com,Chere.Seagraves@gmail.com,police officer
419,Allis,Aprile,Allis.Aprile@yopmail.com,Allis.Aprile@gmail.com,worker
420,Modestia,Pacorro,Modestia.Pacorro@yopmail.com,Modestia.Pacorro@gmail.com,worker
421,Elena,Talia,Elena.Talia@yopmail.com,Elena.Talia@gmail.com,police officer
422,Kate,Stav,Kate.Stav@yopmail.com,Kate.Stav@gmail.com,firefighter
423,Tersina,Raama,Tersina.Raama@yopmail.com,Tersina.Raama@gmail.com,developer
424,Kara-Lynn,Tyson,Kara-Lynn.Tyson@yopmail.com,Kara-Lynn.Tyson@gmail.com,firefighter
425,Hayley,Faust,Hayley.Faust@yopmail.com,Hayley.Faust@gmail.com,worker
426,Kate,Hull,Kate.Hull@yopmail.com,Kate.Hull@gmail.com,developer
427,Meghann,Cullin,Meghann.Cullin@yopmail.com,Meghann.Cullin@gmail.com,firefighter
428,Hettie,Euridice,Hettie.Euridice@yopmail.com,Hettie.Euridice@gmail.com,worker
429,Doralynne,Whiffen,Doralynne.Whiffen@yopmail.com,Doralynne.Whiffen@gmail.com,police officer
430,Jenda,Caitlin,Jenda.Caitlin@yopmail.com,Jenda.Caitlin@gmail.com,developer
431,Althea,Pettiford,Althea.Pettiford@yopmail.com,Althea.Pettiford@gmail.com,developer
432,Lisette,Ricarda,Lisette.Ricarda@yopmail.com,Lisette.Ricarda@gmail.com,police officer
433,Farrah,Glenden,Farrah.Glenden@yopmail.com,Farrah.Glenden@gmail.com,firefighter
434,Ardeen,Socha,Ardeen.Socha@yopmail.com,Ardeen.Socha@gmail.com,worker
435,Lucy,Daveta,Lucy.Daveta@yopmail.com,Lucy.Daveta@gmail.com,doctor
436,Myrtice,Elisha,Myrtice.Elisha@yopmail.com,Myrtice.Elisha@gmail.com,firefighter
437,Kathi,Presber,Kathi.Presber@yopmail.com,Kathi.Presber@gmail.com,police officer
438,Christian,Dudley,Christian.Dudley@yopmail.com,Christian.Dudley@gmail.com,police officer
439,Mathilda,Dex,Mathilda.Dex@yopmail.com,Mathilda.Dex@gmail.com,firefighter
440,Isa,Grimbly,Isa.Grimbly@yopmail.com,Isa.Grimbly@gmail.com,doctor
441,Leeanne,Hollingsworth,Leeanne.Hollingsworth@yopmail.com,Leeanne.Hollingsworth@gmail.com,developer
442,Cecile,Desai,Cecile.Desai@yopmail.com,Cecile.Desai@gmail.com,firefighter
443,Arlena,Vastah,Arlena.Vastah@yopmail.com,Arlena.Vastah@gmail.com,firefighter
444,Maridel,Raimondo,Maridel.Raimondo@yopmail.com,Maridel.Raimondo@gmail.com,doctor
445,Layla,Lesley,Layla.Lesley@yopmail.com,Layla.Lesley@gmail.com,developer
446,Kenna,Ashok,Kenna.Ashok@yopmail.com,Kenna.Ashok@gmail.com,police officer
447,Carree,Salchunas,Carree.Salchunas@yopmail.com,Carree.Salchunas@gmail.com,worker
448,Ardys,Bow,Ardys.Bow@yopmail.com,Ardys.Bow@gmail.com,worker
449,Carly,Chesna,Carly.Chesna@yopmail.com,Carly.Chesna@gmail.com,firefighter
450,Bertine,Sallyann,Bertine.Sallyann@yopmail.com,Bertine.Sallyann@gmail.com,doctor
451,Julieta,Colp,Julieta.Colp@yopmail.com,Julieta.Colp@gmail.com,developer
452,Alyda,Riordan,Alyda.Riordan@yopmail.com,Alyda.Riordan@gmail.com,developer
453,Babita,Laverne,Babita.Laverne@yopmail.com,Babita.Laverne@gmail.com,developer
454,Meghann,Keily,Meghann.Keily@yopmail.com,Meghann.Keily@gmail.com,doctor
455,Brianna,Nisbet,Brianna.Nisbet@yopmail.com,Brianna.Nisbet@gmail.com,worker
456,Tersina,Yam,Tersina.Yam@yopmail.com,Tersina.Yam@gmail.com,police officer
457,Juliane,Orpah,Juliane.Orpah@yopmail.com,Juliane.Orpah@gmail.com,firefighter
458,Elsie,Noman,Elsie.Noman@yopmail.com,Elsie.Noman@gmail.com,worker
459,Dulce,Amasa,Dulce.Amasa@yopmail.com,Dulce.Amasa@gmail.com,doctor
460,Dagmar,Suzetta,Dagmar.Suzetta@yopmail.com,Dagmar.Suzetta@gmail.com,developer
461,Valera,Dimitris,Valera.Dimitris@yopmail.com,Valera.Dimitris@gmail.com,developer
462,Brana,Lucienne,Brana.Lucienne@yopmail.com,Brana.Lucienne@gmail.com,developer
463,Corene,Honoria,Corene.Honoria@yopmail.com,Corene.Honoria@gmail.com,firefighter
464,Fernande,Medrek,Fernande.Medrek@yopmail.com,Fernande.Medrek@gmail.com,developer
465,Elbertina,Madelene,Elbertina.Madelene@yopmail.com,Elbertina.Madelene@gmail.com,worker
466,Sandie,Darrell,Sandie.Darrell@yopmail.com,Sandie.Darrell@gmail.com,police officer
467,Nanete,Valoniah,Nanete.Valoniah@yopmail.com,Nanete.Valoniah@gmail.com,police officer
468,Rebeca,Pozzy,Rebeca.Pozzy@yopmail.com,Rebeca.Pozzy@gmail.com,firefighter
469,Fredericka,Kelula,Fredericka.Kelula@yopmail.com,Fredericka.Kelula@gmail.com,doctor
470,Aryn,Mehalek,Aryn.Mehalek@yopmail.com,Aryn.Mehalek@gmail.com,worker
471,Janeczka,Mallon,Janeczka.Mallon@yopmail.com,Janeczka.Mallon@gmail.com,doctor
472,Deirdre,Berard,Deirdre.Berard@yopmail.com,Deirdre.Berard@gmail.com,worker
473,Robinia,Presber,Robinia.Presber@yopmail.com,Robinia.Presber@gmail.com,worker
474,Kalina,Thornburg,Kalina.Thornburg@yopmail.com,Kalina.Thornburg@gmail.com,police officer
475,Gisela,Shirberg,Gisela.Shirberg@yopmail.com,Gisela.Shirberg@gmail.com,firefighter
476,Nollie,Berriman,Nollie.Berriman@yopmail.com,Nollie.Berriman@gmail.com,worker
477,Fanny,Philipp,Fanny.Philipp@yopmail.com,Fanny.Philipp@gmail.com,doctor
478,Claresta,Bonilla,Claresta.Bonilla@yopmail.com,Claresta.Bonilla@gmail.com,police officer
479,Norine,Clywd,Norine.Clywd@yopmail.com,Norine.Clywd@gmail.com,firefighter
480,Mariann,Firmin,Mariann.Firmin@yopmail.com,Mariann.Firmin@gmail.com,developer
481,Delilah,Hutchison,Delilah.Hutchison@yopmail.com,Delilah.Hutchison@gmail.com,firefighter
482,Korrie,Carbo,Korrie.Carbo@yopmail.com,Korrie.Carbo@gmail.com,doctor
483,Janis,Goldina,Janis.Goldina@yopmail.com,Janis.Goldina@gmail.com,police officer
484,Lesly,Infield,Lesly.Infield@yopmail.com,Lesly.Infield@gmail.com,firefighter
485,Trudie,Rillings,Trudie.Rillings@yopmail.com,Trudie.Rillings@gmail.com,developer
486,Olivette,Kylander,Olivette.Kylander@yopmail.com,Olivette.Kylander@gmail.com,doctor
487,Dania,Fillbert,Dania.Fillbert@yopmail.com,Dania.Fillbert@gmail.com,doctor
488,Katharina,Edmund,Katharina.Edmund@yopmail.com,Katharina.Edmund@gmail.com,firefighter
489,Lizzie,Trace,Lizzie.Trace@yopmail.com,Lizzie.Trace@gmail.com,doctor
490,Jennica,Arathorn,Jennica.Arathorn@yopmail.com,Jennica.Arathorn@gmail.com,developer
491,Ira,Helfand,Ira.Helfand@yopmail.com,Ira.Helfand@gmail.com,worker
492,Fanchon,Chapland,Fanchon.Chapland@yopmail.com,Fanchon.Chapland@gmail.com,developer
493,Linet,Lauraine,Linet.Lauraine@yopmail.com,Linet.Lauraine@gmail.com,police officer
494,Rhoda,Kosey,Rhoda.Kosey@yopmail.com,Rhoda.Kosey@gmail.com,worker
495,Dorthy,Tannie,Dorthy.Tannie@yopmail.com,Dorthy.Tannie@gmail.com,firefighter
496,Renie,Oriana,Renie.Oriana@yopmail.com,Renie.Oriana@gmail.com,police officer
497,Hayley,Daniele,Hayley.Daniele@yopmail.com,Hayley.Daniele@gmail.com,developer
498,Sonni,Timon,Sonni.Timon@yopmail.com,Sonni.Timon@gmail.com,police officer
499,Maye,Nance,Maye.Nance@yopmail.com,Maye.Nance@gmail.com,police officer
500,Justinn,Erich,Justinn.Erich@yopmail.com,Justinn.Erich@gmail.com,developer
501,Lenna,Xerxes,Lenna.Xerxes@yopmail.com,Lenna.Xerxes@gmail.com,worker
502,Dorene,Kirstin,Dorene.Kirstin@yopmail.com,Dorene.Kirstin@gmail.com,worker
503,Lusa,Medrek,Lusa.Medrek@yopmail.com,Lusa.Medrek@gmail.com,doctor
504,Gusella,Kylander,Gusella.Kylander@yopmail.com,Gusella.Kylander@gmail.com,police officer
505,Minne,Minetta,Minne.Minetta@yopmail.com,Minne.Minetta@gmail.com,worker
506,Chandra,Kesley,Chandra.Kesley@yopmail.com,Chandra.Kesley@gmail.com,police officer
507,Jessamyn,Gherardo,Jessamyn.Gherardo@yopmail.com,Jessamyn.Gherardo@gmail.com,worker
508,Ardeen,Westphal,Ardeen.Westphal@yopmail.com,Ardeen.Westphal@gmail.com,worker
509,Elfreda,Ralfston,Elfreda.Ralfston@yopmail.com,Elfreda.Ralfston@gmail.com,firefighter
510,Angela,Delp,Angela.Delp@yopmail.com,Angela.Delp@gmail.com,firefighter
511,Kenna,Janith,Kenna.Janith@yopmail.com,Kenna.Janith@gmail.com,doctor
512,Mariann,Carri,Mariann.Carri@yopmail.com,Mariann.Carri@gmail.com,police officer
513,Ronna,Tatianas,Ronna.Tatianas@yopmail.com,Ronna.Tatianas@gmail.com,doctor
514,Marcy,Daegal,Marcy.Daegal@yopmail.com,Marcy.Daegal@gmail.com,developer
515,Goldie,Dunkin,Goldie.Dunkin@yopmail.com,Goldie.Dunkin@gmail.com,worker
516,Nonnah,Christal,Nonnah.Christal@yopmail.com,Nonnah.Christal@gmail.com,firefighter
517,Sindee,Swanhildas,Sindee.Swanhildas@yopmail.com,Sindee.Swanhildas@gmail.com,doctor
518,Jerry,Ruvolo,Jerry.Ruvolo@yopmail.com,Jerry.Ruvolo@gmail.com,doctor
519,Janis,Papageno,Janis.Papageno@yopmail.com,Janis.Papageno@gmail.com,doctor
520,Ilse,Lubin,Ilse.Lubin@yopmail.com,Ilse.Lubin@gmail.com,worker
521,Anallese,Ledah,Anallese.Ledah@yopmail.com,Anallese.Ledah@gmail.com,police officer
522,Paola,Ummersen,Paola.Ummersen@yopmail.com,Paola.Ummersen@gmail.com,police officer
523,Kial,Newell,Kial.Newell@yopmail.com,Kial.Newell@gmail.com,doctor
524,Peri,Aldric,Peri.Aldric@yopmail.com,Peri.Aldric@gmail.com,firefighter
525,Gavrielle,Brenn,Gavrielle.Brenn@yopmail.com,Gavrielle.Brenn@gmail.com,firefighter
526,Emylee,Gower,Emylee.Gower@yopmail.com,Emylee.Gower@gmail.com,police officer
527,Lorne,Philoo,Lorne.Philoo@yopmail.com,Lorne.Philoo@gmail.com,developer
528,Cindelyn,Eliathas,Cindelyn.Eliathas@yopmail.com,Cindelyn.Eliathas@gmail.com,police officer
529,Bee,Stoller,Bee.Stoller@yopmail.com,Bee.Stoller@gmail.com,developer
530,Gerrie,McLaughlin,Gerrie.McLaughlin@yopmail.com,Gerrie.McLaughlin@gmail.com,police officer
531,Brandise,Chabot,Brandise.Chabot@yopmail.com,Brandise.Chabot@gmail.com,doctor
532,Corina,Thunell,Corina.Thunell@yopmail.com,Corina.Thunell@gmail.com,doctor
533,Kylynn,Fulmer,Kylynn.Fulmer@yopmail.com,Kylynn.Fulmer@gmail.com,police officer
534,June,Waldron,June.Waldron@yopmail.com,June.Waldron@gmail.com,firefighter
535,Arlena,Burch,Arlena.Burch@yopmail.com,Arlena.Burch@gmail.com,worker
536,Mary,Kamaria,Mary.Kamaria@yopmail.com,Mary.Kamaria@gmail.com,police officer
537,Diena,Pitt,Diena.Pitt@yopmail.com,Diena.Pitt@gmail.com,developer
538,Fanchon,Fulmer,Fanchon.Fulmer@yopmail.com,Fanchon.Fulmer@gmail.com,doctor
539,Adriana,Tiffa,Adriana.Tiffa@yopmail.com,Adriana.Tiffa@gmail.com,firefighter
540,Paola,Hanshaw,Paola.Hanshaw@yopmail.com,Paola.Hanshaw@gmail.com,police officer
541,Bettine,Anyah,Bettine.Anyah@yopmail.com,Bettine.Anyah@gmail.com,doctor
542,Ira,Narton,Ira.Narton@yopmail.com,Ira.Narton@gmail.com,firefighter
543,Bill,Vastah,Bill.Vastah@yopmail.com,Bill.Vastah@gmail.com,doctor
544,Annabela,Lasley,Annabela.Lasley@yopmail.com,Annabela.Lasley@gmail.com,developer
545,Norine,Weinreb,Norine.Weinreb@yopmail.com,Norine.Weinreb@gmail.com,firefighter
546,Sherrie,Payson,Sherrie.Payson@yopmail.com,Sherrie.Payson@gmail.com,police officer
547,Tina,Hartnett,Tina.Hartnett@yopmail.com,Tina.Hartnett@gmail.com,doctor
548,Katleen,Nikaniki,Katleen.Nikaniki@yopmail.com,Katleen.Nikaniki@gmail.com,worker
549,Arlina,Dielu,Arlina.Dielu@yopmail.com,Arlina.Dielu@gmail.com,developer
550,Krystle,Breed,Krystle.Breed@yopmail.com,Krystle.Breed@gmail.com,police officer
551,Verla,Mendez,Verla.Mendez@yopmail.com,Verla.Mendez@gmail.com,police officer
552,Layla,Sidonius,Layla.Sidonius@yopmail.com,Layla.Sidonius@gmail.com,worker
553,Annice,Kosey,Annice.Kosey@yopmail.com,Annice.Kosey@gmail.com,developer
554,Barbara,Mauer,Barbara.Mauer@yopmail.com,Barbara.Mauer@gmail.com,developer
555,Pearline,Zuzana,Pearline.Zuzana@yopmail.com,Pearline.Zuzana@gmail.com,worker
556,Gilligan,Lilybelle,Gilligan.Lilybelle@yopmail.com,Gilligan.Lilybelle@gmail.com,police officer
557,Ruthe,Bord,Ruthe.Bord@yopmail.com,Ruthe.Bord@gmail.com,doctor
558,Donetta,Bari,Donetta.Bari@yopmail.com,Donetta.Bari@gmail.com,doctor
559,Modestia,Alice,Modestia.Alice@yopmail.com,Modestia.Alice@gmail.com,police officer
560,Celisse,Rillings,Celisse.Rillings@yopmail.com,Celisse.Rillings@gmail.com,worker
561,Gisela,Giff,Gisela.Giff@yopmail.com,Gisela.Giff@gmail.com,doctor
562,Henriette,Kravits,Henriette.Kravits@yopmail.com,Henriette.Kravits@gmail.com,police officer
563,Sheelagh,Lewes,Sheelagh.Lewes@yopmail.com,Sheelagh.Lewes@gmail.com,doctor
564,Ingrid,Demitria,Ingrid.Demitria@yopmail.com,Ingrid.Demitria@gmail.com,police officer
565,Maisey,Riordan,Maisey.Riordan@yopmail.com,Maisey.Riordan@gmail.com,developer
566,Valeda,Howlyn,Valeda.Howlyn@yopmail.com,Valeda.Howlyn@gmail.com,worker
567,Norine,Aldric,Norine.Aldric@yopmail.com,Norine.Aldric@gmail.com,doctor
568,Melina,Nahum,Melina.Nahum@yopmail.com,Melina.Nahum@gmail.com,police officer
569,Elyssa,Lytton,Elyssa.Lytton@yopmail.com,Elyssa.Lytton@gmail.com,developer
570,Dorene,Mayeda,Dorene.Mayeda@yopmail.com,Dorene.Mayeda@gmail.com,firefighter
571,Leanna,Regan,Leanna.Regan@yopmail.com,Leanna.Regan@gmail.com,firefighter
572,Alyda,Lipson,Alyda.Lipson@yopmail.com,Alyda.Lipson@gmail.com,police officer
573,Kore,Sisile,Kore.Sisile@yopmail.com,Kore.Sisile@gmail.com,developer
574,Ermengarde,Raffo,Ermengarde.Raffo@yopmail.com,Ermengarde.Raffo@gmail.com,firefighter
575,Susette,Shelba,Susette.Shelba@yopmail.com,Susette.Shelba@gmail.com,worker
576,Deirdre,Suzetta,Deirdre.Suzetta@yopmail.com,Deirdre.Suzetta@gmail.com,doctor
577,Emelina,Hollingsworth,Emelina.Hollingsworth@yopmail.com,Emelina.Hollingsworth@gmail.com,developer
578,Chandra,Hubert,Chandra.Hubert@yopmail.com,Chandra.Hubert@gmail.com,developer
579,Brynna,Montgomery,Brynna.Montgomery@yopmail.com,Brynna.Montgomery@gmail.com,developer
580,Joeann,Mendez,Joeann.Mendez@yopmail.com,Joeann.Mendez@gmail.com,worker
581,Penelopa,Neils,Penelopa.Neils@yopmail.com,Penelopa.Neils@gmail.com,doctor
582,Tera,Isacco,Tera.Isacco@yopmail.com,Tera.Isacco@gmail.com,developer
583,Roxane,Grimbly,Roxane.Grimbly@yopmail.com,Roxane.Grimbly@gmail.com,doctor
584,Babita,Eckblad,Babita.Eckblad@yopmail.com,Babita.Eckblad@gmail.com,doctor
585,Leia,Kirstin,Leia.Kirstin@yopmail.com,Leia.Kirstin@gmail.com,police officer
586,Clo,Schalles,Clo.Schalles@yopmail.com,Clo.Schalles@gmail.com,worker
587,Robbi,Boycey,Robbi.Boycey@yopmail.com,Robbi.Boycey@gmail.com,police officer
588,Claudina,Newell,Claudina.Newell@yopmail.com,Claudina.Newell@gmail.com,firefighter
589,Belinda,Carlson,Belinda.Carlson@yopmail.com,Belinda.Carlson@gmail.com,firefighter
590,Demetris,Rustice,Demetris.Rustice@yopmail.com,Demetris.Rustice@gmail.com,developer
591,Krystle,Dituri,Krystle.Dituri@yopmail.com,Krystle.Dituri@gmail.com,police officer
592,Renae,Voletta,Renae.Voletta@yopmail.com,Renae.Voletta@gmail.com,worker
593,Vita,Stephie,Vita.Stephie@yopmail.com,Vita.Stephie@gmail.com,police officer
594,Ruthe,Trinetta,Ruthe.Trinetta@yopmail.com,Ruthe.Trinetta@gmail.com,worker
595,Mureil,Edvard,Mureil.Edvard@yopmail.com,Mureil.Edvard@gmail.com,worker
596,Cacilie,Clie,Cacilie.Clie@yopmail.com,Cacilie.Clie@gmail.com,police officer
597,Orsola,Carleen,Orsola.Carleen@yopmail.com,Orsola.Carleen@gmail.com,doctor
598,Iseabal,Thornburg,Iseabal.Thornburg@yopmail.com,Iseabal.Thornburg@gmail.com,firefighter
599,Annecorinne,Orlene,Annecorinne.Orlene@yopmail.com,Annecorinne.Orlene@gmail.com,worker
600,Trixi,Ventre,Trixi.Ventre@yopmail.com,Trixi.Ventre@gmail.com,police officer
601,Jacenta,Craggie,Jacenta.Craggie@yopmail.com,Jacenta.Craggie@gmail.com,police officer
602,Rivalee,Edison,Rivalee.Edison@yopmail.com,Rivalee.Edison@gmail.com,police officer
603,Roseline,Merell,Roseline.Merell@yopmail.com,Roseline.Merell@gmail.com,firefighter
604,Netty,Abbot,Netty.Abbot@yopmail.com,Netty.Abbot@gmail.com,worker
605,Margalo,Charmine,Margalo.Charmine@yopmail.com,Margalo.Charmine@gmail.com,worker
606,Antonietta,Carleen,Antonietta.Carleen@yopmail.com,Antonietta.Carleen@gmail.com,doctor
607,Madelle,Nikaniki,Madelle.Nikaniki@yopmail.com,Madelle.Nikaniki@gmail.com,worker
608,Cristine,Lorenz,Cristine.Lorenz@yopmail.com,Cristine.Lorenz@gmail.com,worker
609,Reeba,Parette,Reeba.Parette@yopmail.com,Reeba.Parette@gmail.com,developer
610,Belinda,Malvino,Belinda.Malvino@yopmail.com,Belinda.Malvino@gmail.com,police officer
611,Elsie,Tacye,Elsie.Tacye@yopmail.com,Elsie.Tacye@gmail.com,police officer
612,Tera,Bashemeth,Tera.Bashemeth@yopmail.com,Tera.Bashemeth@gmail.com,police officer
613,Gabi,Lia,Gabi.Lia@yopmail.com,Gabi.Lia@gmail.com,doctor
614,Janey,Tjon,Janey.Tjon@yopmail.com,Janey.Tjon@gmail.com,doctor
615,Ursulina,Brenn,Ursulina.Brenn@yopmail.com,Ursulina.Brenn@gmail.com,police officer
616,Shell,Brunell,Shell.Brunell@yopmail.com,Shell.Brunell@gmail.com,police officer
617,Dennie,Haerr,Dennie.Haerr@yopmail.com,Dennie.Haerr@gmail.com,police officer
618,Aurelie,Poppy,Aurelie.Poppy@yopmail.com,Aurelie.Poppy@gmail.com,worker
619,Di,Saunderson,Di.Saunderson@yopmail.com,Di.Saunderson@gmail.com,police officer
620,Alyssa,Fairweather,Alyssa.Fairweather@yopmail.com,Alyssa.Fairweather@gmail.com,firefighter
621,Tina,Elephus,Tina.Elephus@yopmail.com,Tina.Elephus@gmail.com,worker
622,Blake,Liebermann,Blake.Liebermann@yopmail.com,Blake.Liebermann@gmail.com,doctor
623,Kirbee,Kauppi,Kirbee.Kauppi@yopmail.com,Kirbee.Kauppi@gmail.com,police officer
624,Maud,Screens,Maud.Screens@yopmail.com,Maud.Screens@gmail.com,firefighter
625,Marsiella,Hewitt,Marsiella.Hewitt@yopmail.com,Marsiella.Hewitt@gmail.com,worker
626,Livvyy,Jotham,Livvyy.Jotham@yopmail.com,Livvyy.Jotham@gmail.com,firefighter
627,Ofilia,Dash,Ofilia.Dash@yopmail.com,Ofilia.Dash@gmail.com,firefighter
628,Joy,Karl,Joy.Karl@yopmail.com,Joy.Karl@gmail.com,police officer
629,Judy,Zaslow,Judy.Zaslow@yopmail.com,Judy.Zaslow@gmail.com,developer
630,Gabi,Wyn,Gabi.Wyn@yopmail.com,Gabi.Wyn@gmail.com,firefighter
631,Anica,Brian,Anica.Brian@yopmail.com,Anica.Brian@gmail.com,police officer
632,Lindie,Irmine,Lindie.Irmine@yopmail.com,Lindie.Irmine@gmail.com,worker
633,Angela,Stelle,Angela.Stelle@yopmail.com,Angela.Stelle@gmail.com,developer
634,Ottilie,Allare,Ottilie.Allare@yopmail.com,Ottilie.Allare@gmail.com,police officer
635,Maye,Sundin,Maye.Sundin@yopmail.com,Maye.Sundin@gmail.com,worker
636,Kayla,Santoro,Kayla.Santoro@yopmail.com,Kayla.Santoro@gmail.com,doctor
637,Carly,Hillel,Carly.Hillel@yopmail.com,Carly.Hillel@gmail.com,developer
638,Dotty,Sancho,Dotty.Sancho@yopmail.com,Dotty.Sancho@gmail.com,doctor
639,Donnie,Wolfgram,Donnie.Wolfgram@yopmail.com,Donnie.Wolfgram@gmail.com,developer
640,Caritta,Edison,Caritta.Edison@yopmail.com,Caritta.Edison@gmail.com,firefighter
641,Lory,Nickola,Lory.Nickola@yopmail.com,Lory.Nickola@gmail.com,firefighter
642,Jemie,Jary,Jemie.Jary@yopmail.com,Jemie.Jary@gmail.com,doctor
643,Joleen,Hieronymus,Joleen.Hieronymus@yopmail.com,Joleen.Hieronymus@gmail.com,police officer
644,Elsie,Pacorro,Elsie.Pacorro@yopmail.com,Elsie.Pacorro@gmail.com,firefighter
645,Paulita,Hewitt,Paulita.Hewitt@yopmail.com,Paulita.Hewitt@gmail.com,police officer
646,Lisette,Terencio,Lisette.Terencio@yopmail.com,Lisette.Terencio@gmail.com,doctor
647,Jillayne,Yoko,Jillayne.Yoko@yopmail.com,Jillayne.Yoko@gmail.com,developer
648,Nariko,Sophronia,Nariko.Sophronia@yopmail.com,Nariko.Sophronia@gmail.com,doctor
649,Selma,Marisa,Selma.Marisa@yopmail.com,Selma.Marisa@gmail.com,worker
650,Orelia,Quent,Orelia.Quent@yopmail.com,Orelia.Quent@gmail.com,developer
651,Consuela,Grobe,Consuela.Grobe@yopmail.com,Consuela.Grobe@gmail.com,developer
652,Allyce,Franza,Allyce.Franza@yopmail.com,Allyce.Franza@gmail.com,developer
653,Dennie,Israeli,Dennie.Israeli@yopmail.com,Dennie.Israeli@gmail.com,developer
654,Jasmina,Buckler,Jasmina.Buckler@yopmail.com,Jasmina.Buckler@gmail.com,developer
655,Shauna,Cleo,Shauna.Cleo@yopmail.com,Shauna.Cleo@gmail.com,doctor
656,Anica,Peti,Anica.Peti@yopmail.com,Anica.Peti@gmail.com,doctor
657,Kary,Annice,Kary.Annice@yopmail.com,Kary.Annice@gmail.com,firefighter
658,Iseabal,Niles,Iseabal.Niles@yopmail.com,Iseabal.Niles@gmail.com,developer
659,Cindelyn,Gherardo,Cindelyn.Gherardo@yopmail.com,Cindelyn.Gherardo@gmail.com,police officer
660,Marylou,McLaughlin,Marylou.McLaughlin@yopmail.com,Marylou.McLaughlin@gmail.com,police officer
661,Ricky,Ball,Ricky.Ball@yopmail.com,Ricky.Ball@gmail.com,worker
662,Alleen,Solitta,Alleen.Solitta@yopmail.com,Alleen.Solitta@gmail.com,developer
663,Zsa Zsa,McGrody,Zsa Zsa.McGrody@yopmail.com,Zsa Zsa.McGrody@gmail.com,worker
664,Lucille,Primalia,Lucille.Primalia@yopmail.com,Lucille.Primalia@gmail.com,police officer
665,Aryn,Greyson,Aryn.Greyson@yopmail.com,Aryn.Greyson@gmail.com,worker
666,Maridel,Ashely,Maridel.Ashely@yopmail.com,Maridel.Ashely@gmail.com,developer
667,Valli,Trinetta,Valli.Trinetta@yopmail.com,Valli.Trinetta@gmail.com,developer
668,Elena,Tremayne,Elena.Tremayne@yopmail.com,Elena.Tremayne@gmail.com,firefighter
669,Anallese,Rustice,Anallese.Rustice@yopmail.com,Anallese.Rustice@gmail.com,police officer
670,Layla,Ashely,Layla.Ashely@yopmail.com,Layla.Ashely@gmail.com,worker
671,Mathilda,Cassius,Mathilda.Cassius@yopmail.com,Mathilda.Cassius@gmail.com,firefighter
672,Raf,Yuille,Raf.Yuille@yopmail.com,Raf.Yuille@gmail.com,developer
673,Peri,Iaverne,Peri.Iaverne@yopmail.com,Peri.Iaverne@gmail.com,developer
674,Di,Eiser,Di.Eiser@yopmail.com,Di.Eiser@gmail.com,worker
675,Gianina,Ruvolo,Gianina.Ruvolo@yopmail.com,Gianina.Ruvolo@gmail.com,worker
676,Orelia,Argus,Orelia.Argus@yopmail.com,Orelia.Argus@gmail.com,doctor
677,Michaelina,Joeann,Michaelina.Joeann@yopmail.com,Michaelina.Joeann@gmail.com,developer
678,Heddie,Noelyn,Heddie.Noelyn@yopmail.com,Heddie.Noelyn@gmail.com,developer
679,Phedra,Denis,Phedra.Denis@yopmail.com,Phedra.Denis@gmail.com,doctor
680,Georgetta,Vary,Georgetta.Vary@yopmail.com,Georgetta.Vary@gmail.com,worker
681,Misha,Emmaline,Misha.Emmaline@yopmail.com,Misha.Emmaline@gmail.com,firefighter
682,Petronia,Libna,Petronia.Libna@yopmail.com,Petronia.Libna@gmail.com,police officer
683,Valli,Rad,Valli.Rad@yopmail.com,Valli.Rad@gmail.com,developer
684,Vanessa,Ariella,Vanessa.Ariella@yopmail.com,Vanessa.Ariella@gmail.com,doctor
685,Nelle,Sawtelle,Nelle.Sawtelle@yopmail.com,Nelle.Sawtelle@gmail.com,police officer
686,Joane,Longfellow,Joane.Longfellow@yopmail.com,Joane.Longfellow@gmail.com,firefighter
687,Abbie,Minetta,Abbie.Minetta@yopmail.com,Abbie.Minetta@gmail.com,doctor
688,Caritta,Hanleigh,Caritta.Hanleigh@yopmail.com,Caritta.Hanleigh@gmail.com,firefighter
689,Cherilyn,Goode,Cherilyn.Goode@yopmail.com,Cherilyn.Goode@gmail.com,firefighter
690,Dorothy,Maisey,Dorothy.Maisey@yopmail.com,Dorothy.Maisey@gmail.com,police officer
691,Dagmar,Wildermuth,Dagmar.Wildermuth@yopmail.com,Dagmar.Wildermuth@gmail.com,developer
692,Chickie,Aldric,Chickie.Aldric@yopmail.com,Chickie.Aldric@gmail.com,developer
693,Verla,Tippets,Verla.Tippets@yopmail.com,Verla.Tippets@gmail.com,doctor
694,Lorenza,Medrek,Lorenza.Medrek@yopmail.com,Lorenza.Medrek@gmail.com,doctor
695,Myriam,Morrill,Myriam.Morrill@yopmail.com,Myriam.Morrill@gmail.com,worker
696,Olivette,Arne,Olivette.Arne@yopmail.com,Olivette.Arne@gmail.com,police officer
697,Gertrud,Eben,Gertrud.Eben@yopmail.com,Gertrud.Eben@gmail.com,firefighter
698,Lolita,Septima,Lolita.Septima@yopmail.com,Lolita.Septima@gmail.com,police officer
699,Corina,Cavan,Corina.Cavan@yopmail.com,Corina.Cavan@gmail.com,developer
700,Fidelia,Lumbard,Fidelia.Lumbard@yopmail.com,Fidelia.Lumbard@gmail.com,firefighter
701,Morganica,Sallyann,Morganica.Sallyann@yopmail.com,Morganica.Sallyann@gmail.com,worker
702,Blake,Zachary,Blake.Zachary@yopmail.com,Blake.Zachary@gmail.com,police officer
703,Ashlee,Simmonds,Ashlee.Simmonds@yopmail.com,Ashlee.Simmonds@gmail.com,firefighter
704,Jsandye,Tippets,Jsandye.Tippets@yopmail.com,Jsandye.Tippets@gmail.com,doctor
705,Roseline,Rustice,Roseline.Rustice@yopmail.com,Roseline.Rustice@gmail.com,police officer
706,Vita,Schenck,Vita.Schenck@yopmail.com,Vita.Schenck@gmail.com,worker
707,Millie,Maribeth,Millie.Maribeth@yopmail.com,Millie.Maribeth@gmail.com,doctor
708,Corina,Larochelle,Corina.Larochelle@yopmail.com,Corina.Larochelle@gmail.com,firefighter
709,Etta,Odysseus,Etta.Odysseus@yopmail.com,Etta.Odysseus@gmail.com,firefighter
710,Annaliese,Fax,Annaliese.Fax@yopmail.com,Annaliese.Fax@gmail.com,doctor
711,Dennie,Ioab,Dennie.Ioab@yopmail.com,Dennie.Ioab@gmail.com,doctor
712,Jenilee,Abbot,Jenilee.Abbot@yopmail.com,Jenilee.Abbot@gmail.com,doctor
713,Ezmeralda,Othilia,Ezmeralda.Othilia@yopmail.com,Ezmeralda.Othilia@gmail.com,doctor
714,Melodie,Daveta,Melodie.Daveta@yopmail.com,Melodie.Daveta@gmail.com,firefighter
715,Trixi,Bates,Trixi.Bates@yopmail.com,Trixi.Bates@gmail.com,worker
716,Sharlene,Clara,Sharlene.Clara@yopmail.com,Sharlene.Clara@gmail.com,developer
717,Sharlene,Rillings,Sharlene.Rillings@yopmail.com,Sharlene.Rillings@gmail.com,police officer
718,Dianemarie,Colbert,Dianemarie.Colbert@yopmail.com,Dianemarie.Colbert@gmail.com,worker
719,Augustine,Wattenberg,Augustine.Wattenberg@yopmail.com,Augustine.Wattenberg@gmail.com,doctor
720,Cassandra,Adalbert,Cassandra.Adalbert@yopmail.com,Cassandra.Adalbert@gmail.com,developer
721,Sara-Ann,Monaco,Sara-Ann.Monaco@yopmail.com,Sara-Ann.Monaco@gmail.com,firefighter
722,Cacilie,Koziara,Cacilie.Koziara@yopmail.com,Cacilie.Koziara@gmail.com,developer
723,Drucie,Lubin,Drucie.Lubin@yopmail.com,Drucie.Lubin@gmail.com,doctor
724,Tracey,Latini,Tracey.Latini@yopmail.com,Tracey.Latini@gmail.com,developer
725,Lynea,Ralfston,Lynea.Ralfston@yopmail.com,Lynea.Ralfston@gmail.com,firefighter
726,Vonny,Lowry,Vonny.Lowry@yopmail.com,Vonny.Lowry@gmail.com,police officer
727,Wilma,Lasley,Wilma.Lasley@yopmail.com,Wilma.Lasley@gmail.com,developer
728,Evita,Randene,Evita.Randene@yopmail.com,Evita.Randene@gmail.com,firefighter
729,Korrie,Judye,Korrie.Judye@yopmail.com,Korrie.Judye@gmail.com,firefighter
730,Ilse,Haerr,Ilse.Haerr@yopmail.com,Ilse.Haerr@gmail.com,worker
731,Annice,Hashim,Annice.Hashim@yopmail.com,Annice.Hashim@gmail.com,firefighter
732,Joelly,Albertine,Joelly.Albertine@yopmail.com,Joelly.Albertine@gmail.com,firefighter
733,Peri,Mozelle,Peri.Mozelle@yopmail.com,Peri.Mozelle@gmail.com,police officer
734,Lexine,Cath,Lexine.Cath@yopmail.com,Lexine.Cath@gmail.com,developer
735,Angela,Euridice,Angela.Euridice@yopmail.com,Angela.Euridice@gmail.com,doctor
736,Lelah,Sigfrid,Lelah.Sigfrid@yopmail.com,Lelah.Sigfrid@gmail.com,firefighter
737,Jemie,Zitvaa,Jemie.Zitvaa@yopmail.com,Jemie.Zitvaa@gmail.com,developer
738,Marylou,Duwalt,Marylou.Duwalt@yopmail.com,Marylou.Duwalt@gmail.com,developer
739,Priscilla,Yuille,Priscilla.Yuille@yopmail.com,Priscilla.Yuille@gmail.com,firefighter
740,Karly,Nore,Karly.Nore@yopmail.com,Karly.Nore@gmail.com,doctor
741,Rosaline,Isidore,Rosaline.Isidore@yopmail.com,Rosaline.Isidore@gmail.com,worker
742,Aurelie,Goode,Aurelie.Goode@yopmail.com,Aurelie.Goode@gmail.com,developer
743,Vinita,Robertson,Vinita.Robertson@yopmail.com,Vinita.Robertson@gmail.com,developer
744,Deedee,Alisia,Deedee.Alisia@yopmail.com,Deedee.Alisia@gmail.com,firefighter
745,Linzy,Toffic,Linzy.Toffic@yopmail.com,Linzy.Toffic@gmail.com,police officer
746,Ida,Braun,Ida.Braun@yopmail.com,Ida.Braun@gmail.com,doctor
747,Eugine,Kat,Eugine.Kat@yopmail.com,Eugine.Kat@gmail.com,doctor
748,Daune,Lissi,Daune.Lissi@yopmail.com,Daune.Lissi@gmail.com,police officer
749,Theodora,Lia,Theodora.Lia@yopmail.com,Theodora.Lia@gmail.com,developer
750,Maridel,Corabella,Maridel.Corabella@yopmail.com,Maridel.Corabella@gmail.com,doctor
751,Lily,My,Lily.My@yopmail.com,Lily.My@gmail.com,police officer
752,Alex,Schroth,Alex.Schroth@yopmail.com,Alex.Schroth@gmail.com,developer
753,Jerry,Love,Jerry.Love@yopmail.com,Jerry.Love@gmail.com,developer
754,Jenilee,Weaks,Jenilee.Weaks@yopmail.com,Jenilee.Weaks@gmail.com,worker
755,Maridel,Marsden,Maridel.Marsden@yopmail.com,Maridel.Marsden@gmail.com,police officer
756,Amii,Cavan,Amii.Cavan@yopmail.com,Amii.Cavan@gmail.com,worker
757,Teriann,Crudden,Teriann.Crudden@yopmail.com,Teriann.Crudden@gmail.com,worker
758,Joleen,Emanuel,Joleen.Emanuel@yopmail.com,Joleen.Emanuel@gmail.com,developer
759,Quintina,Gaal,Quintina.Gaal@yopmail.com,Quintina.Gaal@gmail.com,doctor
760,Cherrita,Oriana,Cherrita.Oriana@yopmail.com,Cherrita.Oriana@gmail.com,firefighter
761,Celestyna,Argus,Celestyna.Argus@yopmail.com,Celestyna.Argus@gmail.com,police officer
762,Teriann,Delp,Teriann.Delp@yopmail.com,Teriann.Delp@gmail.com,worker
763,Sonni,Gwenore,Sonni.Gwenore@yopmail.com,Sonni.Gwenore@gmail.com,developer
764,Robinia,Sheedy,Robinia.Sheedy@yopmail.com,Robinia.Sheedy@gmail.com,doctor
765,Amalie,Kirbee,Amalie.Kirbee@yopmail.com,Amalie.Kirbee@gmail.com,police officer
766,Corene,Kevon,Corene.Kevon@yopmail.com,Corene.Kevon@gmail.com,doctor
767,Lonnie,Armanda,Lonnie.Armanda@yopmail.com,Lonnie.Armanda@gmail.com,police officer
768,Ardenia,MacIntosh,Ardenia.MacIntosh@yopmail.com,Ardenia.MacIntosh@gmail.com,police officer
769,Brietta,Lutero,Brietta.Lutero@yopmail.com,Brietta.Lutero@gmail.com,worker
770,Nanete,Oster,Nanete.Oster@yopmail.com,Nanete.Oster@gmail.com,firefighter
771,Arlena,Cath,Arlena.Cath@yopmail.com,Arlena.Cath@gmail.com,doctor
772,Marcy,Vittoria,Marcy.Vittoria@yopmail.com,Marcy.Vittoria@gmail.com,developer
773,Kristina,Chick,Kristina.Chick@yopmail.com,Kristina.Chick@gmail.com,developer
774,Luci,Revkah,Luci.Revkah@yopmail.com,Luci.Revkah@gmail.com,firefighter
775,Livvyy,Screens,Livvyy.Screens@yopmail.com,Livvyy.Screens@gmail.com,police officer
776,Bobbi,Quinn,Bobbi.Quinn@yopmail.com,Bobbi.Quinn@gmail.com,police officer
777,Corina,Lipson,Corina.Lipson@yopmail.com,Corina.Lipson@gmail.com,developer
778,Susan,Hutchison,Susan.Hutchison@yopmail.com,Susan.Hutchison@gmail.com,police officer
779,Veda,Bethany,Veda.Bethany@yopmail.com,Veda.Bethany@gmail.com,developer
780,Jere,Suanne,Jere.Suanne@yopmail.com,Jere.Suanne@gmail.com,developer
781,Esmeralda,Larochelle,Esmeralda.Larochelle@yopmail.com,Esmeralda.Larochelle@gmail.com,police officer
782,Talya,Kylander,Talya.Kylander@yopmail.com,Talya.Kylander@gmail.com,firefighter
783,Maisey,Buckler,Maisey.Buckler@yopmail.com,Maisey.Buckler@gmail.com,firefighter
784,Amelia,Rosemary,Amelia.Rosemary@yopmail.com,Amelia.Rosemary@gmail.com,firefighter
785,Edee,Hathaway,Edee.Hathaway@yopmail.com,Edee.Hathaway@gmail.com,worker
786,Sharai,Rubie,Sharai.Rubie@yopmail.com,Sharai.Rubie@gmail.com,firefighter
787,Carol-Jean,Elbertina,Carol-Jean.Elbertina@yopmail.com,Carol-Jean.Elbertina@gmail.com,firefighter
788,Lucy,Bryna,Lucy.Bryna@yopmail.com,Lucy.Bryna@gmail.com,firefighter
789,Claudina,Maxi,Claudina.Maxi@yopmail.com,Claudina.Maxi@gmail.com,developer
790,Mariann,Sprage,Mariann.Sprage@yopmail.com,Mariann.Sprage@gmail.com,worker
791,Olwen,Cosenza,Olwen.Cosenza@yopmail.com,Olwen.Cosenza@gmail.com,police officer
792,Dennie,Gillan,Dennie.Gillan@yopmail.com,Dennie.Gillan@gmail.com,developer
793,Daune,Jotham,Daune.Jotham@yopmail.com,Daune.Jotham@gmail.com,developer
794,Leontine,Blisse,Leontine.Blisse@yopmail.com,Leontine.Blisse@gmail.com,worker
795,Tressa,Stilwell,Tressa.Stilwell@yopmail.com,Tressa.Stilwell@gmail.com,police officer
796,Lucy,Milson,Lucy.Milson@yopmail.com,Lucy.Milson@gmail.com,firefighter
797,Vita,Colyer,Vita.Colyer@yopmail.com,Vita.Colyer@gmail.com,worker
798,Augustine,Seagraves,Augustine.Seagraves@yopmail.com,Augustine.Seagraves@gmail.com,doctor
799,Daryl,Susannah,Daryl.Susannah@yopmail.com,Daryl.Susannah@gmail.com,worker
800,Nadine,Nisbet,Nadine.Nisbet@yopmail.com,Nadine.Nisbet@gmail.com,developer
801,Dorthy,Delp,Dorthy.Delp@yopmail.com,Dorthy.Delp@gmail.com,developer
802,Raf,Schenck,Raf.Schenck@yopmail.com,Raf.Schenck@gmail.com,developer
803,Emmey,Fiester,Emmey.Fiester@yopmail.com,Emmey.Fiester@gmail.com,doctor
804,Dolli,Sharl,Dolli.Sharl@yopmail.com,Dolli.Sharl@gmail.com,developer
805,Hermione,Mata,Hermione.Mata@yopmail.com,Hermione.Mata@gmail.com,police officer
806,Sabina,Travax,Sabina.Travax@yopmail.com,Sabina.Travax@gmail.com,police officer
807,Fred,Jethro,Fred.Jethro@yopmail.com,Fred.Jethro@gmail.com,police officer
808,Kathy,Wind,Kathy.Wind@yopmail.com,Kathy.Wind@gmail.com,firefighter
809,Nessie,Dom,Nessie.Dom@yopmail.com,Nessie.Dom@gmail.com,firefighter
810,Flo,Gaulin,Flo.Gaulin@yopmail.com,Flo.Gaulin@gmail.com,worker
811,Emilia,Schwejda,Emilia.Schwejda@yopmail.com,Emilia.Schwejda@gmail.com,developer
812,Micheline,Cleavland,Micheline.Cleavland@yopmail.com,Micheline.Cleavland@gmail.com,worker
813,Brietta,Breed,Brietta.Breed@yopmail.com,Brietta.Breed@gmail.com,developer
814,Olwen,Fiester,Olwen.Fiester@yopmail.com,Olwen.Fiester@gmail.com,firefighter
815,Silvana,Esmaria,Silvana.Esmaria@yopmail.com,Silvana.Esmaria@gmail.com,developer
816,Dede,Karl,Dede.Karl@yopmail.com,Dede.Karl@gmail.com,firefighter
817,Shell,Francyne,Shell.Francyne@yopmail.com,Shell.Francyne@gmail.com,firefighter
818,Jessy,Camden,Jessy.Camden@yopmail.com,Jessy.Camden@gmail.com,worker
819,Gianina,Capello,Gianina.Capello@yopmail.com,Gianina.Capello@gmail.com,firefighter
820,Marti,Gunn,Marti.Gunn@yopmail.com,Marti.Gunn@gmail.com,developer
821,Ernesta,Vivle,Ernesta.Vivle@yopmail.com,Ernesta.Vivle@gmail.com,doctor
822,Marjie,Neils,Marjie.Neils@yopmail.com,Marjie.Neils@gmail.com,doctor
823,Brooks,Zetta,Brooks.Zetta@yopmail.com,Brooks.Zetta@gmail.com,worker
824,Ilse,Wenda,Ilse.Wenda@yopmail.com,Ilse.Wenda@gmail.com,doctor
825,Sean,Noam,Sean.Noam@yopmail.com,Sean.Noam@gmail.com,police officer
826,Darlleen,Tillford,Darlleen.Tillford@yopmail.com,Darlleen.Tillford@gmail.com,worker
827,Calla,Kiyoshi,Calla.Kiyoshi@yopmail.com,Calla.Kiyoshi@gmail.com,firefighter
828,Rayna,Yam,Rayna.Yam@yopmail.com,Rayna.Yam@gmail.com,developer
829,Sara-Ann,Norrie,Sara-Ann.Norrie@yopmail.com,Sara-Ann.Norrie@gmail.com,developer
830,Wileen,Gaspard,Wileen.Gaspard@yopmail.com,Wileen.Gaspard@gmail.com,firefighter
831,Pamella,Gahl,Pamella.Gahl@yopmail.com,Pamella.Gahl@gmail.com,police officer
832,Dede,Rosette,Dede.Rosette@yopmail.com,Dede.Rosette@gmail.com,worker
833,Sallie,Reinke,Sallie.Reinke@yopmail.com,Sallie.Reinke@gmail.com,doctor
834,Devina,Ioab,Devina.Ioab@yopmail.com,Devina.Ioab@gmail.com,firefighter
835,Marleah,Soneson,Marleah.Soneson@yopmail.com,Marleah.Soneson@gmail.com,worker
836,Jemie,Docilla,Jemie.Docilla@yopmail.com,Jemie.Docilla@gmail.com,police officer
837,Lesly,Jerold,Lesly.Jerold@yopmail.com,Lesly.Jerold@gmail.com,firefighter
838,Sybille,Brackely,Sybille.Brackely@yopmail.com,Sybille.Brackely@gmail.com,developer
839,Catharine,Sophronia,Catharine.Sophronia@yopmail.com,Catharine.Sophronia@gmail.com,worker
840,Gloria,Nahum,Gloria.Nahum@yopmail.com,Gloria.Nahum@gmail.com,police officer
841,Lesly,Ortrude,Lesly.Ortrude@yopmail.com,Lesly.Ortrude@gmail.com,developer
842,Lexine,Wittie,Lexine.Wittie@yopmail.com,Lexine.Wittie@gmail.com,worker
843,Carol-Jean,Chandler,Carol-Jean.Chandler@yopmail.com,Carol-Jean.Chandler@gmail.com,developer
844,Beverley,Aurelio,Beverley.Aurelio@yopmail.com,Beverley.Aurelio@gmail.com,police officer
845,Silvana,Sothena,Silvana.Sothena@yopmail.com,Silvana.Sothena@gmail.com,police officer
846,Harrietta,Gert,Harrietta.Gert@yopmail.com,Harrietta.Gert@gmail.com,doctor
847,Carol-Jean,Annabella,Carol-Jean.Annabella@yopmail.com,Carol-Jean.Annabella@gmail.com,doctor
848,Siana,Hieronymus,Siana.Hieronymus@yopmail.com,Siana.Hieronymus@gmail.com,doctor
849,Shirlee,Rosette,Shirlee.Rosette@yopmail.com,Shirlee.Rosette@gmail.com,doctor
850,Esmeralda,Roumell,Esmeralda.Roumell@yopmail.com,Esmeralda.Roumell@gmail.com,firefighter
851,Oona,Gino,Oona.Gino@yopmail.com,Oona.Gino@gmail.com,doctor
852,Rhoda,Aurelio,Rhoda.Aurelio@yopmail.com,Rhoda.Aurelio@gmail.com,worker
853,Emmey,Drus,Emmey.Drus@yopmail.com,Emmey.Drus@gmail.com,police officer
854,Leia,Amand,Leia.Amand@yopmail.com,Leia.Amand@gmail.com,doctor
855,Cissiee,Johnsson,Cissiee.Johnsson@yopmail.com,Cissiee.Johnsson@gmail.com,police officer
856,Camile,Wilona,Camile.Wilona@yopmail.com,Camile.Wilona@gmail.com,worker
857,Tierney,Alva,Tierney.Alva@yopmail.com,Tierney.Alva@gmail.com,developer
858,Fidelia,Adrienne,Fidelia.Adrienne@yopmail.com,Fidelia.Adrienne@gmail.com,doctor
859,Belva,Yate,Belva.Yate@yopmail.com,Belva.Yate@gmail.com,developer
860,Ottilie,Ummersen,Ottilie.Ummersen@yopmail.com,Ottilie.Ummersen@gmail.com,doctor
861,Charlena,Selway,Charlena.Selway@yopmail.com,Charlena.Selway@gmail.com,doctor
862,Constance,Harday,Constance.Harday@yopmail.com,Constance.Harday@gmail.com,developer
863,Delilah,Gibbeon,Delilah.Gibbeon@yopmail.com,Delilah.Gibbeon@gmail.com,worker
864,Mary,Ioab,Mary.Ioab@yopmail.com,Mary.Ioab@gmail.com,firefighter
865,Lelah,Susannah,Lelah.Susannah@yopmail.com,Lelah.Susannah@gmail.com,police officer
866,Norine,Concha,Norine.Concha@yopmail.com,Norine.Concha@gmail.com,police officer
867,Janenna,Narton,Janenna.Narton@yopmail.com,Janenna.Narton@gmail.com,firefighter
868,Mignon,Bonilla,Mignon.Bonilla@yopmail.com,Mignon.Bonilla@gmail.com,firefighter
869,Starla,Vorster,Starla.Vorster@yopmail.com,Starla.Vorster@gmail.com,firefighter
870,Mignon,Trinetta,Mignon.Trinetta@yopmail.com,Mignon.Trinetta@gmail.com,developer
871,Fidelia,Kylander,Fidelia.Kylander@yopmail.com,Fidelia.Kylander@gmail.com,developer
872,Viviene,Mallon,Viviene.Mallon@yopmail.com,Viviene.Mallon@gmail.com,doctor
873,Jessamyn,Helfand,Jessamyn.Helfand@yopmail.com,Jessamyn.Helfand@gmail.com,developer
874,Atlanta,Borrell,Atlanta.Borrell@yopmail.com,Atlanta.Borrell@gmail.com,developer
875,Jinny,Sharl,Jinny.Sharl@yopmail.com,Jinny.Sharl@gmail.com,developer
876,Katleen,Duwalt,Katleen.Duwalt@yopmail.com,Katleen.Duwalt@gmail.com,worker
877,Catharine,Guildroy,Catharine.Guildroy@yopmail.com,Catharine.Guildroy@gmail.com,firefighter
878,Aimil,Lasley,Aimil.Lasley@yopmail.com,Aimil.Lasley@gmail.com,doctor
879,Di,Seumas,Di.Seumas@yopmail.com,Di.Seumas@gmail.com,developer
880,Chastity,Newell,Chastity.Newell@yopmail.com,Chastity.Newell@gmail.com,worker
881,Hermione,Tamar,Hermione.Tamar@yopmail.com,Hermione.Tamar@gmail.com,firefighter
882,Stephanie,Justinn,Stephanie.Justinn@yopmail.com,Stephanie.Justinn@gmail.com,worker
883,Renae,Sheedy,Renae.Sheedy@yopmail.com,Renae.Sheedy@gmail.com,developer
884,Frank,Borrell,Frank.Borrell@yopmail.com,Frank.Borrell@gmail.com,police officer
885,Vita,Madaih,Vita.Madaih@yopmail.com,Vita.Madaih@gmail.com,doctor
886,Nyssa,Orlene,Nyssa.Orlene@yopmail.com,Nyssa.Orlene@gmail.com,police officer
887,Magdalena,Felecia,Magdalena.Felecia@yopmail.com,Magdalena.Felecia@gmail.com,worker
888,Kassey,Concha,Kassey.Concha@yopmail.com,Kassey.Concha@gmail.com,police officer
889,Isa,Wareing,Isa.Wareing@yopmail.com,Isa.Wareing@gmail.com,doctor
890,Kristina,Buttaro,Kristina.Buttaro@yopmail.com,Kristina.Buttaro@gmail.com,worker
891,Miquela,Callista,Miquela.Callista@yopmail.com,Miquela.Callista@gmail.com,developer
892,Christal,Quinn,Christal.Quinn@yopmail.com,Christal.Quinn@gmail.com,worker
893,Tomasina,Bryna,Tomasina.Bryna@yopmail.com,Tomasina.Bryna@gmail.com,developer
894,Beth,Milson,Beth.Milson@yopmail.com,Beth.Milson@gmail.com,worker
895,Carly,Chesna,Carly.Chesna@yopmail.com,Carly.Chesna@gmail.com,police officer
896,Agathe,Telfer,Agathe.Telfer@yopmail.com,Agathe.Telfer@gmail.com,firefighter
897,Aubrie,Klotz,Aubrie.Klotz@yopmail.com,Aubrie.Klotz@gmail.com,worker
898,Shel,Hailee,Shel.Hailee@yopmail.com,Shel.Hailee@gmail.com,police officer
899,Roz,Kress,Roz.Kress@yopmail.com,Roz.Kress@gmail.com,worker
900,Kate,Guthrie,Kate.Guthrie@yopmail.com,Kate.Guthrie@gmail.com,doctor
901,Deane,Carey,Deane.Carey@yopmail.com,Deane.Carey@gmail.com,police officer
902,Sindee,Miru,Sindee.Miru@yopmail.com,Sindee.Miru@gmail.com,developer
903,Ashlee,Thunell,Ashlee.Thunell@yopmail.com,Ashlee.Thunell@gmail.com,police officer
904,Barbara,Jacobah,Barbara.Jacobah@yopmail.com,Barbara.Jacobah@gmail.com,firefighter
905,Nadine,Corilla,Nadine.Corilla@yopmail.com,Nadine.Corilla@gmail.com,developer
906,Daune,Clarissa,Daune.Clarissa@yopmail.com,Daune.Clarissa@gmail.com,worker
907,Jaclyn,Gino,Jaclyn.Gino@yopmail.com,Jaclyn.Gino@gmail.com,doctor
908,Amara,Stav,Amara.Stav@yopmail.com,Amara.Stav@gmail.com,police officer
909,Lizzie,Llovera,Lizzie.Llovera@yopmail.com,Lizzie.Llovera@gmail.com,police officer
910,Gretal,Erich,Gretal.Erich@yopmail.com,Gretal.Erich@gmail.com,doctor
911,Cassandra,Weitman,Cassandra.Weitman@yopmail.com,Cassandra.Weitman@gmail.com,developer
912,Drucie,Flita,Drucie.Flita@yopmail.com,Drucie.Flita@gmail.com,firefighter
913,Ardeen,Phaidra,Ardeen.Phaidra@yopmail.com,Ardeen.Phaidra@gmail.com,doctor
914,Johna,Fontana,Johna.Fontana@yopmail.com,Johna.Fontana@gmail.com,worker
915,Alejandra,Ursulette,Alejandra.Ursulette@yopmail.com,Alejandra.Ursulette@gmail.com,developer
916,Corly,Teddman,Corly.Teddman@yopmail.com,Corly.Teddman@gmail.com,developer
917,Wendi,Beebe,Wendi.Beebe@yopmail.com,Wendi.Beebe@gmail.com,doctor
918,Britte,Havens,Britte.Havens@yopmail.com,Britte.Havens@gmail.com,firefighter
919,Ericka,Eugenia,Ericka.Eugenia@yopmail.com,Ericka.Eugenia@gmail.com,developer
920,Lacie,Couture,Lacie.Couture@yopmail.com,Lacie.Couture@gmail.com,developer
921,Ardys,Stover,Ardys.Stover@yopmail.com,Ardys.Stover@gmail.com,police officer
922,Kathy,Marden,Kathy.Marden@yopmail.com,Kathy.Marden@gmail.com,developer
923,Cordi,Raffo,Cordi.Raffo@yopmail.com,Cordi.Raffo@gmail.com,firefighter
924,Mara,Vary,Mara.Vary@yopmail.com,Mara.Vary@gmail.com,doctor
925,Modestia,Desai,Modestia.Desai@yopmail.com,Modestia.Desai@gmail.com,police officer
926,Melodie,Danby,Melodie.Danby@yopmail.com,Melodie.Danby@gmail.com,developer
927,Sonni,Fairweather,Sonni.Fairweather@yopmail.com,Sonni.Fairweather@gmail.com,developer
928,Caritta,Mauer,Caritta.Mauer@yopmail.com,Caritta.Mauer@gmail.com,firefighter
929,Teriann,Bennie,Teriann.Bennie@yopmail.com,Teriann.Bennie@gmail.com,firefighter
930,Jaclyn,Lipson,Jaclyn.Lipson@yopmail.com,Jaclyn.Lipson@gmail.com,doctor
931,Christy,Brittani,Christy.Brittani@yopmail.com,Christy.Brittani@gmail.com,police officer
932,Jessamyn,Euridice,Jessamyn.Euridice@yopmail.com,Jessamyn.Euridice@gmail.com,firefighter
933,Hayley,Tufts,Hayley.Tufts@yopmail.com,Hayley.Tufts@gmail.com,police officer
934,Mamie,Klotz,Mamie.Klotz@yopmail.com,Mamie.Klotz@gmail.com,firefighter
935,Micheline,Dichy,Micheline.Dichy@yopmail.com,Micheline.Dichy@gmail.com,police officer
936,Tina,Nester,Tina.Nester@yopmail.com,Tina.Nester@gmail.com,developer
937,Juliane,Tremayne,Juliane.Tremayne@yopmail.com,Juliane.Tremayne@gmail.com,police officer
938,Roseline,Nadia,Roseline.Nadia@yopmail.com,Roseline.Nadia@gmail.com,firefighter
939,Anallese,Dunkin,Anallese.Dunkin@yopmail.com,Anallese.Dunkin@gmail.com,firefighter
940,Wendi,Nance,Wendi.Nance@yopmail.com,Wendi.Nance@gmail.com,developer
941,Fernande,Judye,Fernande.Judye@yopmail.com,Fernande.Judye@gmail.com,developer
942,Ayn,Lattie,Ayn.Lattie@yopmail.com,Ayn.Lattie@gmail.com,firefighter
943,Kial,Emmy,Kial.Emmy@yopmail.com,Kial.Emmy@gmail.com,doctor
944,Lanae,Cyrie,Lanae.Cyrie@yopmail.com,Lanae.Cyrie@gmail.com,doctor
945,Dorene,August,Dorene.August@yopmail.com,Dorene.August@gmail.com,doctor
946,Ricky,Talia,Ricky.Talia@yopmail.com,Ricky.Talia@gmail.com,doctor
947,Georgetta,Bartlett,Georgetta.Bartlett@yopmail.com,Georgetta.Bartlett@gmail.com,firefighter
948,Libbie,Helfand,Libbie.Helfand@yopmail.com,Libbie.Helfand@gmail.com,police officer
949,Olwen,Deny,Olwen.Deny@yopmail.com,Olwen.Deny@gmail.com,developer
950,Linet,Georgy,Linet.Georgy@yopmail.com,Linet.Georgy@gmail.com,doctor
951,Di,Brunell,Di.Brunell@yopmail.com,Di.Brunell@gmail.com,worker
952,Elbertina,Carvey,Elbertina.Carvey@yopmail.com,Elbertina.Carvey@gmail.com,worker
953,Arabel,Munn,Arabel.Munn@yopmail.com,Arabel.Munn@gmail.com,police officer
954,Agnese,Margarete,Agnese.Margarete@yopmail.com,Agnese.Margarete@gmail.com,developer
955,Ginnie,Nikaniki,Ginnie.Nikaniki@yopmail.com,Ginnie.Nikaniki@gmail.com,firefighter
956,Jerry,Middleton,Jerry.Middleton@yopmail.com,Jerry.Middleton@gmail.com,worker
957,Sabina,Marlie,Sabina.Marlie@yopmail.com,Sabina.Marlie@gmail.com,doctor
958,Dianemarie,Felizio,Dianemarie.Felizio@yopmail.com,Dianemarie.Felizio@gmail.com,doctor
959,Oona,Oriana,Oona.Oriana@yopmail.com,Oona.Oriana@gmail.com,police officer
960,Kirstin,Adalbert,Kirstin.Adalbert@yopmail.com,Kirstin.Adalbert@gmail.com,doctor
961,Ericka,Marisa,Ericka.Marisa@yopmail.com,Ericka.Marisa@gmail.com,worker
962,Concettina,Phyllis,Concettina.Phyllis@yopmail.com,Concettina.Phyllis@gmail.com,police officer
963,Clarice,Christine,Clarice.Christine@yopmail.com,Clarice.Christine@gmail.com,police officer
964,Perry,Si,Perry.Si@yopmail.com,Perry.Si@gmail.com,police officer
965,Willetta,Swigart,Willetta.Swigart@yopmail.com,Willetta.Swigart@gmail.com,firefighter
966,Vita,Kronfeld,Vita.Kronfeld@yopmail.com,Vita.Kronfeld@gmail.com,worker
967,Alyda,Kannry,Alyda.Kannry@yopmail.com,Alyda.Kannry@gmail.com,firefighter
968,Caryl,Santoro,Caryl.Santoro@yopmail.com,Caryl.Santoro@gmail.com,developer
969,Donetta,Salvidor,Donetta.Salvidor@yopmail.com,Donetta.Salvidor@gmail.com,worker
970,Gale,Vernier,Gale.Vernier@yopmail.com,Gale.Vernier@gmail.com,police officer
971,Marcelline,Alva,Marcelline.Alva@yopmail.com,Marcelline.Alva@gmail.com,worker
972,Kamilah,Marisa,Kamilah.Marisa@yopmail.com,Kamilah.Marisa@gmail.com,doctor
973,Oona,Durware,Oona.Durware@yopmail.com,Oona.Durware@gmail.com,developer
974,Nonnah,Bettine,Nonnah.Bettine@yopmail.com,Nonnah.Bettine@gmail.com,police officer
975,Collen,Hertzfeld,Collen.Hertzfeld@yopmail.com,Collen.Hertzfeld@gmail.com,doctor
976,Robbi,Schenck,Robbi.Schenck@yopmail.com,Robbi.Schenck@gmail.com,firefighter
977,Roslyn,Oscar,Roslyn.Oscar@yopmail.com,Roslyn.Oscar@gmail.com,firefighter
978,Tera,Astra,Tera.Astra@yopmail.com,Tera.Astra@gmail.com,firefighter
979,Abbie,Calhoun,Abbie.Calhoun@yopmail.com,Abbie.Calhoun@gmail.com,firefighter
980,Elvira,Harriman,Elvira.Harriman@yopmail.com,Elvira.Harriman@gmail.com,worker
981,Ulrike,Brunell,Ulrike.Brunell@yopmail.com,Ulrike.Brunell@gmail.com,doctor
982,Carree,Tomasina,Carree.Tomasina@yopmail.com,Carree.Tomasina@gmail.com,developer
983,Dione,Caitlin,Dione.Caitlin@yopmail.com,Dione.Caitlin@gmail.com,doctor
984,Di,Trace,Di.Trace@yopmail.com,Di.Trace@gmail.com,developer
985,Adriana,Etom,Adriana.Etom@yopmail.com,Adriana.Etom@gmail.com,police officer
986,Karlee,Aldric,Karlee.Aldric@yopmail.com,Karlee.Aldric@gmail.com,worker
987,Frieda,Jacinda,Frieda.Jacinda@yopmail.com,Frieda.Jacinda@gmail.com,worker
988,Stevana,Allare,Stevana.Allare@yopmail.com,Stevana.Allare@gmail.com,police officer
989,Morganica,Borrell,Morganica.Borrell@yopmail.com,Morganica.Borrell@gmail.com,worker
990,Brianna,Pacorro,Brianna.Pacorro@yopmail.com,Brianna.Pacorro@gmail.com,police officer
991,Darci,Justinn,Darci.Justinn@yopmail.com,Darci.Justinn@gmail.com,doctor
992,Lynea,Gemini,Lynea.Gemini@yopmail.com,Lynea.Gemini@gmail.com,firefighter
993,Edyth,Esmaria,Edyth.Esmaria@yopmail.com,Edyth.Esmaria@gmail.com,firefighter
994,Lanna,Sharl,Lanna.Sharl@yopmail.com,Lanna.Sharl@gmail.com,firefighter
995,Heida,Daniele,Heida.Daniele@yopmail.com,Heida.Daniele@gmail.com,firefighter
996,Sam,Daegal,Sam.Daegal@yopmail.com,Sam.Daegal@gmail.com,worker
997,Albertina,Lucienne,Albertina.Lucienne@yopmail.com,Albertina.Lucienne@gmail.com,police officer
998,Marsiella,Helve,Marsiella.Helve@yopmail.com,Marsiella.Helve@gmail.com,police officer
999,Ursulina,Brunell,Ursulina.Brunell@yopmail.com,Ursulina.Brunell@gmail.com,worker
1000,Gusty,Nea,Gusty.Nea@yopmail.com,Gusty.Nea@gmail.com,firefighter
1001,Imojean,August,Imojean.August@yopmail.com,Imojean.August@gmail.com,police officer
1002,Courtnay,Howlyn,Courtnay.Howlyn@yopmail.com,Courtnay.Howlyn@gmail.com,worker
1003,Joelly,Viddah,Joelly.Viddah@yopmail.com,Joelly.Viddah@gmail.com,firefighter
1004,Camile,Skurnik,Camile.Skurnik@yopmail.com,Camile.Skurnik@gmail.com,worker
1005,Winny,Federica,Winny.Federica@yopmail.com,Winny.Federica@gmail.com,developer
1006,Blinni,Kinnard,Blinni.Kinnard@yopmail.com,Blinni.Kinnard@gmail.com,doctor
1007,Bertine,Chabot,Bertine.Chabot@yopmail.com,Bertine.Chabot@gmail.com,firefighter
1008,Michaelina,Robertson,Michaelina.Robertson@yopmail.com,Michaelina.Robertson@gmail.com,firefighter
1009,Yetty,Verger,Yetty.Verger@yopmail.com,Yetty.Verger@gmail.com,worker
1010,Lorne,Riordan,Lorne.Riordan@yopmail.com,Lorne.Riordan@gmail.com,doctor
1011,Kayla,Schwejda,Kayla.Schwejda@yopmail.com,Kayla.Schwejda@gmail.com,developer
1012,Lesly,Mayeda,Lesly.Mayeda@yopmail.com,Lesly.Mayeda@gmail.com,police officer
1013,Georgetta,Obed,Georgetta.Obed@yopmail.com,Georgetta.Obed@gmail.com,developer
1014,Ericka,Saree,Ericka.Saree@yopmail.com,Ericka.Saree@gmail.com,worker
1015,Ursulina,Kimmie,Ursulina.Kimmie@yopmail.com,Ursulina.Kimmie@gmail.com,police officer
1016,Bettine,Armanda,Bettine.Armanda@yopmail.com,Bettine.Armanda@gmail.com,worker
1017,Deirdre,Goddard,Deirdre.Goddard@yopmail.com,Deirdre.Goddard@gmail.com,police officer
1018,Emilia,Llovera,Emilia.Llovera@yopmail.com,Emilia.Llovera@gmail.com,developer
1019,Chastity,Bonucci,Chastity.Bonucci@yopmail.com,Chastity.Bonucci@gmail.com,police officer
1020,Donnie,Wilona,Donnie.Wilona@yopmail.com,Donnie.Wilona@gmail.com,police officer
1021,Josephine,Aaberg,Josephine.Aaberg@yopmail.com,Josephine.Aaberg@gmail.com,police officer
1022,Lilith,Korey,Lilith.Korey@yopmail.com,Lilith.Korey@gmail.com,developer
1023,Eolanda,Gaal,Eolanda.Gaal@yopmail.com,Eolanda.Gaal@gmail.com,police officer
1024,Allis,Elephus,Allis.Elephus@yopmail.com,Allis.Elephus@gmail.com,developer
1025,Sean,Martsen,Sean.Martsen@yopmail.com,Sean.Martsen@gmail.com,firefighter
1026,Aaren,Pillsbury,Aaren.Pillsbury@yopmail.com,Aaren.Pillsbury@gmail.com,firefighter
1027,Eolanda,Bollay,Eolanda.Bollay@yopmail.com,Eolanda.Bollay@gmail.com,worker
1028,Harrietta,Pelagias,Harrietta.Pelagias@yopmail.com,Harrietta.Pelagias@gmail.com,firefighter
1029,Addia,Wiener,Addia.Wiener@yopmail.com,Addia.Wiener@gmail.com,firefighter
1030,Joceline,Peonir,Joceline.Peonir@yopmail.com,Joceline.Peonir@gmail.com,developer
1031,Donetta,Pattin,Donetta.Pattin@yopmail.com,Donetta.Pattin@gmail.com,doctor
1032,Jillayne,Cutlerr,Jillayne.Cutlerr@yopmail.com,Jillayne.Cutlerr@gmail.com,worker
1033,Mignon,Boehike,Mignon.Boehike@yopmail.com,Mignon.Boehike@gmail.com,police officer
1034,Augustine,Rolf,Augustine.Rolf@yopmail.com,Augustine.Rolf@gmail.com,doctor
1035,Orelia,Romelda,Orelia.Romelda@yopmail.com,Orelia.Romelda@gmail.com,developer
1036,Susan,Jeanne,Susan.Jeanne@yopmail.com,Susan.Jeanne@gmail.com,police officer
1037,Benita,Helve,Benita.Helve@yopmail.com,Benita.Helve@gmail.com,doctor
1038,Viviene,Philoo,Viviene.Philoo@yopmail.com,Viviene.Philoo@gmail.com,doctor
1039,Valera,Bartlett,Valera.Bartlett@yopmail.com,Valera.Bartlett@gmail.com,doctor
1040,Pollyanna,Hepsibah,Pollyanna.Hepsibah@yopmail.com,Pollyanna.Hepsibah@gmail.com,doctor
1041,Sandie,Tice,Sandie.Tice@yopmail.com,Sandie.Tice@gmail.com,doctor
1042,Rani,Halsey,Rani.Halsey@yopmail.com,Rani.Halsey@gmail.com,worker
1043,Jolyn,Alva,Jolyn.Alva@yopmail.com,Jolyn.Alva@gmail.com,developer
1044,Layla,Kaete,Layla.Kaete@yopmail.com,Layla.Kaete@gmail.com,worker
1045,Sam,Elsinore,Sam.Elsinore@yopmail.com,Sam.Elsinore@gmail.com,firefighter
1046,Minne,Reneta,Minne.Reneta@yopmail.com,Minne.Reneta@gmail.com,firefighter
1047,Tilly,Kevon,Tilly.Kevon@yopmail.com,Tilly.Kevon@gmail.com,doctor
1048,Janey,Podvin,Janey.Podvin@yopmail.com,Janey.Podvin@gmail.com,firefighter
1049,Kore,Sikorski,Kore.Sikorski@yopmail.com,Kore.Sikorski@gmail.com,worker
1050,Albertina,Jethro,Albertina.Jethro@yopmail.com,Albertina.Jethro@gmail.com,worker
1051,Emilia,Fiann,Emilia.Fiann@yopmail.com,Emilia.Fiann@gmail.com,firefighter
1052,Augustine,Mallon,Augustine.Mallon@yopmail.com,Augustine.Mallon@gmail.com,developer
1053,Marline,Evangelia,Marline.Evangelia@yopmail.com,Marline.Evangelia@gmail.com,doctor
1054,Viviene,Mich,Viviene.Mich@yopmail.com,Viviene.Mich@gmail.com,developer
1055,Ninnetta,Shanley,Ninnetta.Shanley@yopmail.com,Ninnetta.Shanley@gmail.com,doctor
1056,Dyann,Azeria,Dyann.Azeria@yopmail.com,Dyann.Azeria@gmail.com,doctor
1057,Alleen,McClimans,Alleen.McClimans@yopmail.com,Alleen.McClimans@gmail.com,doctor
1058,Ingrid,Virgin,Ingrid.Virgin@yopmail.com,Ingrid.Virgin@gmail.com,worker
1059,Sabina,Rebecka,Sabina.Rebecka@yopmail.com,Sabina.Rebecka@gmail.com,firefighter
1060,Concettina,Shelba,Concettina.Shelba@yopmail.com,Concettina.Shelba@gmail.com,developer
1061,Caryl,Weinreb,Caryl.Weinreb@yopmail.com,Caryl.Weinreb@gmail.com,worker
1062,Damaris,Rheingold,Damaris.Rheingold@yopmail.com,Damaris.Rheingold@gmail.com,developer
1063,Aili,Margarete,Aili.Margarete@yopmail.com,Aili.Margarete@gmail.com,police officer
1064,Adelle,Darbie,Adelle.Darbie@yopmail.com,Adelle.Darbie@gmail.com,firefighter
1065,Yolane,Libna,Yolane.Libna@yopmail.com,Yolane.Libna@gmail.com,police officer
1066,Sheree,Guildroy,Sheree.Guildroy@yopmail.com,Sheree.Guildroy@gmail.com,worker
1067,Layla,Berne,Layla.Berne@yopmail.com,Layla.Berne@gmail.com,developer
1068,Chastity,Bollay,Chastity.Bollay@yopmail.com,Chastity.Bollay@gmail.com,worker
1069,Shell,Stover,Shell.Stover@yopmail.com,Shell.Stover@gmail.com,doctor
1070,Corry,Love,Corry.Love@yopmail.com,Corry.Love@gmail.com,worker
1071,Janey,Kirstin,Janey.Kirstin@yopmail.com,Janey.Kirstin@gmail.com,doctor
1072,Mariele,Byrne,Mariele.Byrne@yopmail.com,Mariele.Byrne@gmail.com,worker
1073,Cyb,Raul,Cyb.Raul@yopmail.com,Cyb.Raul@gmail.com,developer
1074,Brietta,Lewes,Brietta.Lewes@yopmail.com,Brietta.Lewes@gmail.com,firefighter
1075,Elmira,Raul,Elmira.Raul@yopmail.com,Elmira.Raul@gmail.com,firefighter
1076,Sashenka,Winthorpe,Sashenka.Winthorpe@yopmail.com,Sashenka.Winthorpe@gmail.com,police officer
1077,Esmeralda,Natalia,Esmeralda.Natalia@yopmail.com,Esmeralda.Natalia@gmail.com,firefighter
1078,Mariann,Gibbeon,Mariann.Gibbeon@yopmail.com,Mariann.Gibbeon@gmail.com,developer
1079,Corina,Brotherson,Corina.Brotherson@yopmail.com,Corina.Brotherson@gmail.com,developer
1080,Tamqrah,Romelda,Tamqrah.Romelda@yopmail.com,Tamqrah.Romelda@gmail.com,developer
1081,Pollyanna,An,Pollyanna.An@yopmail.com,Pollyanna.An@gmail.com,doctor
1082,Phedra,Ajay,Phedra.Ajay@yopmail.com,Phedra.Ajay@gmail.com,police officer
1083,Robbi,Maroney,Robbi.Maroney@yopmail.com,Robbi.Maroney@gmail.com,police officer
1084,Verla,Tarrant,Verla.Tarrant@yopmail.com,Verla.Tarrant@gmail.com,doctor
1085,Rani,Isacco,Rani.Isacco@yopmail.com,Rani.Isacco@gmail.com,developer
1086,Hermione,Ietta,Hermione.Ietta@yopmail.com,Hermione.Ietta@gmail.com,firefighter
1087,Lolita,Wyn,Lolita.Wyn@yopmail.com,Lolita.Wyn@gmail.com,doctor
1088,Gabriellia,Kelula,Gabriellia.Kelula@yopmail.com,Gabriellia.Kelula@gmail.com,worker
1089,Joane,Gombach,Joane.Gombach@yopmail.com,Joane.Gombach@gmail.com,developer
1090,Codie,Knowling,Codie.Knowling@yopmail.com,Codie.Knowling@gmail.com,firefighter
1091,Caryl,Celestine,Caryl.Celestine@yopmail.com,Caryl.Celestine@gmail.com,developer
1092,Moyna,Bury,Moyna.Bury@yopmail.com,Moyna.Bury@gmail.com,police officer
1093,Judy,Phyllis,Judy.Phyllis@yopmail.com,Judy.Phyllis@gmail.com,police officer
1094,Desirae,Greyson,Desirae.Greyson@yopmail.com,Desirae.Greyson@gmail.com,firefighter
1095,Consuela,Buckler,Consuela.Buckler@yopmail.com,Consuela.Buckler@gmail.com,worker
1096,Claudina,Gombach,Claudina.Gombach@yopmail.com,Claudina.Gombach@gmail.com,firefighter
1097,Beverley,Wenda,Beverley.Wenda@yopmail.com,Beverley.Wenda@gmail.com,firefighter
1098,Emmey,Wooster,Emmey.Wooster@yopmail.com,Emmey.Wooster@gmail.com,doctor
1099,Camile,Myrilla,Camile.Myrilla@yopmail.com,Camile.Myrilla@gmail.com,firefighter